mdt	device_uid	topic_type	category	data_value
2026-05-04 00:00:27.000	4D8710D5CABB	monitor	heart	[{"track_id": 11, "track_confidence": 80}]
2026-05-04 00:00:27.000	4D8710D5CABB	event	activity	[{"track_id": 9, "event_since": 1777874427267, "track_count": 0, "event_status": "instant", "lie_duration": 0, "walk_distance": 0, "walk_duration": 0, "stand_duration": 0, "multi_person_duration": 0}]
2026-05-04 00:00:27.000	4D8710D5CABB	monitor	track	[{"area_id": 0, "track_id": 88, "bed_status": 0, "position_x": 0, "position_y": 0, "position_z": 0, "remaining_time": 0, "track_confidence": 80}]
2026-05-04 00:00:59.000	4D8710D5CABB	monitor	track	[{"area_id": 0, "track_id": 88, "bed_status": 0, "position_x": 0, "position_y": 0, "position_z": 0, "remaining_time": 0, "track_confidence": 80}]
2026-05-04 00:01:30.000	4D8710D5CABB	event	activity	[{"track_id": 9, "event_since": 1777874490756, "track_count": 0, "event_status": "instant", "lie_duration": 0, "walk_distance": 0, "walk_duration": 0, "stand_duration": 0, "multi_person_duration": 0}]
2026-05-04 00:01:30.000	4D8710D5CABB	monitor	heart	[{"track_id": 11, "track_confidence": 80}]
2026-05-04 00:01:31.000	4D8710D5CABB	monitor	track	[{"area_id": 0, "track_id": 88, "bed_status": 0, "position_x": 0, "position_y": 0, "position_z": 0, "remaining_time": 0, "track_confidence": 80}]
2026-05-04 00:02:02.000	4D8710D5CABB	event	activity	[{"track_id": 9, "event_since": 1777874522501, "track_count": 0, "event_status": "instant", "lie_duration": 0, "walk_distance": 0, "walk_duration": 0, "stand_duration": 0, "multi_person_duration": 0}]
2026-05-04 00:02:02.000	4D8710D5CABB	monitor	heart	[{"track_id": 11, "track_confidence": 80}]
2026-05-04 00:02:02.000	4D8710D5CABB	monitor	track	[{"area_id": 0, "track_id": 88, "bed_status": 0, "position_x": 0, "position_y": 0, "position_z": 0, "remaining_time": 0, "track_confidence": 80}]
2026-05-04 00:02:34.000	4D8710D5CABB	event	number_people	[{"track_id": 10, "event_since": 1777874554306, "event_status": "start", "number_people": 0}]
2026-05-04 00:02:34.000	4D8710D5CABB	monitor	track	[{"area_id": 0, "track_id": 88, "bed_status": 0, "position_x": 0, "position_y": 0, "position_z": 0, "remaining_time": 0, "track_confidence": 80}]
2026-05-04 00:03:05.000	4D8710D5CABB	monitor	heart	[{"track_id": 11, "track_confidence": 80}]
2026-05-04 00:03:05.000	4D8710D5CABB	event	activity	[{"track_id": 9, "event_since": 1777874585988, "track_count": 0, "event_status": "instant", "lie_duration": 0, "walk_distance": 0, "walk_duration": 0, "stand_duration": 0, "multi_person_duration": 0}]
2026-05-04 00:03:06.000	4D8710D5CABB	monitor	track	[{"area_id": 0, "track_id": 88, "bed_status": 0, "position_x": 0, "position_y": 0, "position_z": 0, "remaining_time": 0, "track_confidence": 80}]
2026-05-04 00:03:37.000	4D8710D5CABB	monitor	track	[{"area_id": 0, "track_id": 88, "bed_status": 0, "position_x": 0, "position_y": 0, "position_z": 0, "remaining_time": 0, "track_confidence": 80}]
2026-05-04 00:03:49.000	4D8710D5CABB	event	number_people	[{"track_id": 10, "event_since": 1777874629031, "event_status": "start", "number_people": 1}]
2026-05-04 00:03:49.000	4D8710D5CABB	event	EnterRoom	[{"event_since": 1777874629284, "event_status": "start"}]
2026-05-04 00:03:49.000	4D8710D5CABB	monitor	track	[{"pose": 4, "event": 1, "area_id": 2, "track_id": 0, "bed_status": 0, "position_x": 110, "position_y": 0, "position_z": 99, "remaining_time": 0, "track_confidence": 80}]
2026-05-04 00:03:49.000	4D8710D5CABB	monitor	track	[{"pose": 4, "area_id": 2, "track_id": 0, "bed_status": 0, "position_x": 70, "position_y": 0, "position_z": 111, "remaining_time": 0, "track_confidence": 80}]
2026-05-04 00:03:50.000	4D8710D5CABB	monitor	track	[{"pose": 1, "area_id": 2, "track_id": 0, "bed_status": 0, "position_x": 20, "position_y": 10, "position_z": 111, "remaining_time": 0, "track_confidence": 80}]
2026-05-04 00:03:51.000	4D8710D5CABB	monitor	track	[{"pose": 1, "area_id": 2, "track_id": 0, "bed_status": 0, "position_x": -10, "position_y": -10, "position_z": 126, "remaining_time": 0, "track_confidence": 80}]
2026-05-04 00:03:52.000	4D8710D5CABB	monitor	track	[{"pose": 1, "area_id": 2, "track_id": 0, "bed_status": 0, "position_x": -30, "position_y": -10, "position_z": 112, "remaining_time": 0, "track_confidence": 80}]
2026-05-04 00:03:53.000	4D8710D5CABB	monitor	track	[{"pose": 1, "area_id": 2, "track_id": 0, "bed_status": 0, "position_x": -20, "position_y": 0, "position_z": 133, "remaining_time": 0, "track_confidence": 80}]
2026-05-04 00:03:54.000	4D8710D5CABB	monitor	track	[{"pose": 1, "area_id": 2, "track_id": 0, "bed_status": 0, "position_x": -30, "position_y": 0, "position_z": 106, "remaining_time": 0, "track_confidence": 80}]
2026-05-04 00:03:55.000	4D8710D5CABB	monitor	track	[{"pose": 1, "area_id": 2, "track_id": 0, "bed_status": 0, "position_x": 0, "position_y": 0, "position_z": 88, "remaining_time": 0, "track_confidence": 80}]
2026-05-04 00:03:56.000	4D8710D5CABB	monitor	track	[{"pose": 1, "area_id": 2, "track_id": 0, "bed_status": 0, "position_x": -10, "position_y": 10, "position_z": 108, "remaining_time": 0, "track_confidence": 80}]
2026-05-04 00:03:57.000	4D8710D5CABB	monitor	track	[{"pose": 1, "area_id": 2, "track_id": 0, "bed_status": 0, "position_x": -20, "position_y": 0, "position_z": 102, "remaining_time": 0, "track_confidence": 80}]
2026-05-04 00:03:58.000	4D8710D5CABB	monitor	track	[{"pose": 1, "area_id": 2, "track_id": 0, "bed_status": 0, "position_x": -20, "position_y": -10, "position_z": 104, "remaining_time": 0, "track_confidence": 80}]
2026-05-04 00:03:59.000	4D8710D5CABB	monitor	heart	[{"track_id": 11, "track_confidence": 80}]
2026-05-04 00:03:59.000	4D8710D5CABB	event	activity	[{"track_id": 9, "event_since": 1777874639620, "track_count": 1, "event_status": "instant", "lie_duration": 0, "walk_distance": 1, "walk_duration": 8, "stand_duration": 1, "multi_person_duration": 0}]
2026-05-04 00:03:59.000	4D8710D5CABB	monitor	track	[{"pose": 1, "area_id": 2, "track_id": 0, "bed_status": 0, "position_x": 0, "position_y": -30, "position_z": 117, "remaining_time": 0, "track_confidence": 80}]
2026-05-04 00:04:00.000	4D8710D5CABB	monitor	track	[{"pose": 1, "area_id": 2, "track_id": 0, "bed_status": 0, "position_x": 0, "position_y": -20, "position_z": 108, "remaining_time": 0, "track_confidence": 80}]
2026-05-04 00:04:01.000	4D8710D5CABB	monitor	track	[{"pose": 1, "area_id": 2, "track_id": 0, "bed_status": 0, "position_x": 0, "position_y": 0, "position_z": 95, "remaining_time": 0, "track_confidence": 80}]
2026-05-04 00:04:02.000	4D8710D5CABB	monitor	track	[{"pose": 1, "area_id": 2, "track_id": 0, "bed_status": 0, "position_x": 30, "position_y": 20, "position_z": 125, "remaining_time": 0, "track_confidence": 80}]
2026-05-04 00:04:03.000	4D8710D5CABB	monitor	track	[{"pose": 1, "area_id": 2, "track_id": 0, "bed_status": 0, "position_x": 30, "position_y": 30, "position_z": 103, "remaining_time": 0, "track_confidence": 80}]
2026-05-04 00:04:04.000	4D8710D5CABB	monitor	track	[{"pose": 1, "area_id": 2, "track_id": 0, "bed_status": 0, "position_x": -10, "position_y": 40, "position_z": 92, "remaining_time": 0, "track_confidence": 80}]
2026-05-04 00:04:05.000	4D8710D5CABB	monitor	track	[{"pose": 1, "area_id": 2, "track_id": 0, "bed_status": 0, "position_x": -10, "position_y": 50, "position_z": 0, "remaining_time": 0, "track_confidence": 80}]
2026-05-04 00:04:06.000	4D8710D5CABB	monitor	track	[{"pose": 1, "area_id": 2, "track_id": 0, "bed_status": 0, "position_x": -10, "position_y": 40, "position_z": 0, "remaining_time": 0, "track_confidence": 80}]
2026-05-04 00:04:07.000	4D8710D5CABB	monitor	track	[{"pose": 4, "area_id": 2, "track_id": 0, "bed_status": 0, "position_x": -10, "position_y": 40, "position_z": 91, "remaining_time": 0, "track_confidence": 80}]
2026-05-04 00:04:08.000	4D8710D5CABB	monitor	track	[{"pose": 4, "area_id": 2, "track_id": 0, "bed_status": 0, "position_x": -10, "position_y": 40, "position_z": 0, "remaining_time": 0, "track_confidence": 80}]
2026-05-04 00:04:09.000	4D8710D5CABB	monitor	track	[{"pose": 4, "area_id": 2, "track_id": 0, "bed_status": 0, "position_x": -10, "position_y": 40, "position_z": 0, "remaining_time": 0, "track_confidence": 80}]
2026-05-04 00:04:10.000	4D8710D5CABB	monitor	track	[{"pose": 4, "area_id": 2, "track_id": 0, "bed_status": 0, "position_x": -10, "position_y": 40, "position_z": 0, "remaining_time": 0, "track_confidence": 80}]
2026-05-04 00:04:11.000	4D8710D5CABB	monitor	track	[{"pose": 4, "area_id": 2, "track_id": 0, "bed_status": 0, "position_x": -10, "position_y": 40, "position_z": 0, "remaining_time": 0, "track_confidence": 80}]
2026-05-04 00:04:12.000	4D8710D5CABB	monitor	track	[{"pose": 4, "area_id": 2, "track_id": 0, "bed_status": 0, "position_x": -10, "position_y": 40, "position_z": 0, "remaining_time": 0, "track_confidence": 80}]
2026-05-04 00:04:13.000	4D8710D5CABB	monitor	track	[{"pose": 4, "area_id": 2, "track_id": 0, "bed_status": 0, "position_x": -10, "position_y": 40, "position_z": 0, "remaining_time": 0, "track_confidence": 80}]
2026-05-04 00:04:14.000	4D8710D5CABB	monitor	track	[{"pose": 4, "area_id": 2, "track_id": 0, "bed_status": 0, "position_x": -10, "position_y": 40, "position_z": 0, "remaining_time": 0, "track_confidence": 80}]
2026-05-04 00:04:15.000	4D8710D5CABB	monitor	track	[{"pose": 4, "area_id": 2, "track_id": 0, "bed_status": 0, "position_x": -10, "position_y": 40, "position_z": 0, "remaining_time": 0, "track_confidence": 80}]
2026-05-04 00:04:16.000	4D8710D5CABB	monitor	track	[{"pose": 4, "area_id": 2, "track_id": 0, "bed_status": 0, "position_x": -10, "position_y": 40, "position_z": 0, "remaining_time": 0, "track_confidence": 80}]
2026-05-04 00:04:17.000	4D8710D5CABB	monitor	track	[{"pose": 4, "area_id": 2, "track_id": 0, "bed_status": 0, "position_x": -10, "position_y": 40, "position_z": 0, "remaining_time": 0, "track_confidence": 80}]
2026-05-04 00:04:18.000	4D8710D5CABB	monitor	track	[{"pose": 4, "area_id": 2, "track_id": 0, "bed_status": 0, "position_x": -10, "position_y": 40, "position_z": 0, "remaining_time": 0, "track_confidence": 80}]
2026-05-04 00:04:19.000	4D8710D5CABB	monitor	track	[{"pose": 4, "area_id": 2, "track_id": 0, "bed_status": 0, "position_x": -10, "position_y": 40, "position_z": 0, "remaining_time": 0, "track_confidence": 80}]
2026-05-04 00:04:20.000	4D8710D5CABB	monitor	track	[{"pose": 4, "area_id": 2, "track_id": 0, "bed_status": 0, "position_x": -10, "position_y": 40, "position_z": 113, "remaining_time": 0, "track_confidence": 80}]
2026-05-04 00:04:21.000	4D8710D5CABB	monitor	track	[{"pose": 4, "area_id": 2, "track_id": 0, "bed_status": 0, "position_x": -10, "position_y": 10, "position_z": 105, "remaining_time": 0, "track_confidence": 80}]
2026-05-04 00:04:22.000	4D8710D5CABB	monitor	track	[{"pose": 4, "area_id": 2, "track_id": 0, "bed_status": 0, "position_x": -10, "position_y": 40, "position_z": 0, "remaining_time": 0, "track_confidence": 80}]
2026-05-04 00:04:23.000	4D8710D5CABB	monitor	track	[{"pose": 4, "area_id": 2, "track_id": 0, "bed_status": 0, "position_x": -10, "position_y": 40, "position_z": 0, "remaining_time": 0, "track_confidence": 80}]
2026-05-04 00:04:24.000	4D8710D5CABB	monitor	track	[{"pose": 4, "area_id": 2, "track_id": 0, "bed_status": 0, "position_x": -10, "position_y": 40, "position_z": 0, "remaining_time": 0, "track_confidence": 80}]
2026-05-04 00:04:25.000	4D8710D5CABB	monitor	track	[{"pose": 4, "area_id": 2, "track_id": 0, "bed_status": 0, "position_x": -10, "position_y": 40, "position_z": 0, "remaining_time": 0, "track_confidence": 80}]
2026-05-04 00:04:26.000	4D8710D5CABB	monitor	track	[{"pose": 4, "area_id": 2, "track_id": 0, "bed_status": 0, "position_x": -10, "position_y": 40, "position_z": 0, "remaining_time": 0, "track_confidence": 80}]
2026-05-04 00:04:27.000	4D8710D5CABB	monitor	track	[{"pose": 4, "area_id": 2, "track_id": 0, "bed_status": 0, "position_x": -10, "position_y": 40, "position_z": 0, "remaining_time": 0, "track_confidence": 80}]
2026-05-04 00:04:28.000	4D8710D5CABB	monitor	track	[{"pose": 4, "area_id": 2, "track_id": 0, "bed_status": 0, "position_x": -10, "position_y": 40, "position_z": 0, "remaining_time": 0, "track_confidence": 80}]
2026-05-04 00:04:29.000	4D8710D5CABB	monitor	track	[{"pose": 4, "area_id": 2, "track_id": 0, "bed_status": 0, "position_x": -10, "position_y": 40, "position_z": 0, "remaining_time": 0, "track_confidence": 80}]
2026-05-04 00:04:30.000	4D8710D5CABB	monitor	track	[{"pose": 4, "area_id": 2, "track_id": 0, "bed_status": 0, "position_x": 0, "position_y": 40, "position_z": 90, "remaining_time": 0, "track_confidence": 80}]
2026-05-04 00:04:31.000	4D8710D5CABB	monitor	track	[{"pose": 4, "area_id": 2, "track_id": 0, "bed_status": 0, "position_x": -10, "position_y": 30, "position_z": 84, "remaining_time": 0, "track_confidence": 80}]
2026-05-04 00:04:32.000	4D8710D5CABB	monitor	track	[{"pose": 4, "area_id": 2, "track_id": 0, "bed_status": 0, "position_x": -10, "position_y": 40, "position_z": 75, "remaining_time": 0, "track_confidence": 80}]
2026-05-04 00:04:33.000	4D8710D5CABB	monitor	track	[{"pose": 4, "area_id": 2, "track_id": 0, "bed_status": 0, "position_x": 0, "position_y": 40, "position_z": 0, "remaining_time": 0, "track_confidence": 80}]
2026-05-04 00:04:34.000	4D8710D5CABB	monitor	track	[{"pose": 4, "area_id": 2, "track_id": 0, "bed_status": 0, "position_x": 0, "position_y": 40, "position_z": 0, "remaining_time": 0, "track_confidence": 80}]
2026-05-04 00:04:35.000	4D8710D5CABB	monitor	track	[{"pose": 4, "area_id": 2, "track_id": 0, "bed_status": 0, "position_x": 0, "position_y": 40, "position_z": 0, "remaining_time": 0, "track_confidence": 80}]
2026-05-04 00:04:36.000	4D8710D5CABB	monitor	track	[{"pose": 4, "area_id": 2, "track_id": 0, "bed_status": 0, "position_x": 0, "position_y": 40, "position_z": 88, "remaining_time": 0, "track_confidence": 80}]
2026-05-04 00:04:37.000	4D8710D5CABB	monitor	track	[{"pose": 4, "area_id": 2, "track_id": 0, "bed_status": 0, "position_x": -10, "position_y": 40, "position_z": 0, "remaining_time": 0, "track_confidence": 80}]
2026-05-04 00:04:38.000	4D8710D5CABB	monitor	track	[{"pose": 4, "area_id": 2, "track_id": 0, "bed_status": 0, "position_x": -10, "position_y": 40, "position_z": 0, "remaining_time": 0, "track_confidence": 80}]
2026-05-04 00:04:39.000	4D8710D5CABB	monitor	track	[{"pose": 4, "area_id": 2, "track_id": 0, "bed_status": 0, "position_x": -10, "position_y": 40, "position_z": 0, "remaining_time": 0, "track_confidence": 80}]
2026-05-04 00:04:40.000	4D8710D5CABB	monitor	track	[{"pose": 4, "area_id": 2, "track_id": 0, "bed_status": 0, "position_x": -10, "position_y": 30, "position_z": 0, "remaining_time": 0, "track_confidence": 80}]
2026-05-04 00:04:41.000	4D8710D5CABB	monitor	track	[{"pose": 4, "area_id": 2, "track_id": 0, "bed_status": 0, "position_x": -10, "position_y": 30, "position_z": 0, "remaining_time": 0, "track_confidence": 80}]
2026-05-04 00:04:42.000	4D8710D5CABB	monitor	track	[{"pose": 4, "area_id": 2, "track_id": 0, "bed_status": 0, "position_x": 0, "position_y": 10, "position_z": 0, "remaining_time": 0, "track_confidence": 80}]
2026-05-04 00:04:43.000	4D8710D5CABB	monitor	track	[{"pose": 4, "area_id": 2, "track_id": 0, "bed_status": 0, "position_x": 0, "position_y": 10, "position_z": 91, "remaining_time": 0, "track_confidence": 80}]
2026-05-04 00:04:44.000	4D8710D5CABB	monitor	track	[{"pose": 4, "area_id": 2, "track_id": 0, "bed_status": 0, "position_x": 0, "position_y": 10, "position_z": 0, "remaining_time": 0, "track_confidence": 80}]
2026-05-04 00:04:45.000	4D8710D5CABB	monitor	track	[{"pose": 4, "area_id": 2, "track_id": 0, "bed_status": 0, "position_x": 0, "position_y": 10, "position_z": 0, "remaining_time": 0, "track_confidence": 80}]
2026-05-04 00:04:46.000	4D8710D5CABB	monitor	track	[{"pose": 4, "area_id": 2, "track_id": 0, "bed_status": 0, "position_x": 0, "position_y": 40, "position_z": 92, "remaining_time": 0, "track_confidence": 80}]
2026-05-04 00:04:47.000	4D8710D5CABB	monitor	track	[{"pose": 4, "area_id": 2, "track_id": 0, "bed_status": 0, "position_x": 0, "position_y": 40, "position_z": 0, "remaining_time": 0, "track_confidence": 80}]
2026-05-04 00:04:48.000	4D8710D5CABB	monitor	track	[{"pose": 4, "area_id": 2, "track_id": 0, "bed_status": 0, "position_x": 0, "position_y": 40, "position_z": 0, "remaining_time": 0, "track_confidence": 80}]
2026-05-04 00:04:49.000	4D8710D5CABB	monitor	track	[{"pose": 4, "area_id": 2, "track_id": 0, "bed_status": 0, "position_x": 0, "position_y": 40, "position_z": 0, "remaining_time": 0, "track_confidence": 80}]
2026-05-04 00:04:50.000	4D8710D5CABB	monitor	track	[{"pose": 4, "area_id": 2, "track_id": 0, "bed_status": 0, "position_x": 0, "position_y": 40, "position_z": 0, "remaining_time": 0, "track_confidence": 80}]
2026-05-04 00:04:51.000	4D8710D5CABB	monitor	track	[{"pose": 4, "area_id": 2, "track_id": 0, "bed_status": 0, "position_x": 0, "position_y": 40, "position_z": 0, "remaining_time": 0, "track_confidence": 80}]
2026-05-04 00:04:52.000	4D8710D5CABB	monitor	track	[{"pose": 4, "area_id": 2, "track_id": 0, "bed_status": 0, "position_x": 0, "position_y": 40, "position_z": 0, "remaining_time": 0, "track_confidence": 80}]
2026-05-04 00:04:53.000	4D8710D5CABB	monitor	track	[{"pose": 4, "area_id": 2, "track_id": 0, "bed_status": 0, "position_x": 0, "position_y": 40, "position_z": 0, "remaining_time": 0, "track_confidence": 80}]
2026-05-04 00:04:54.000	4D8710D5CABB	monitor	track	[{"pose": 4, "area_id": 2, "track_id": 0, "bed_status": 0, "position_x": 0, "position_y": 40, "position_z": 0, "remaining_time": 0, "track_confidence": 80}]
2026-05-04 00:04:55.000	4D8710D5CABB	monitor	track	[{"pose": 4, "area_id": 2, "track_id": 0, "bed_status": 0, "position_x": 0, "position_y": 40, "position_z": 0, "remaining_time": 0, "track_confidence": 80}]
2026-05-04 00:04:56.000	4D8710D5CABB	monitor	track	[{"pose": 4, "area_id": 2, "track_id": 0, "bed_status": 0, "position_x": 0, "position_y": 40, "position_z": 0, "remaining_time": 0, "track_confidence": 80}]
2026-05-04 00:04:57.000	4D8710D5CABB	monitor	track	[{"pose": 4, "area_id": 2, "track_id": 0, "bed_status": 0, "position_x": 0, "position_y": 40, "position_z": 0, "remaining_time": 0, "track_confidence": 80}]
2026-05-04 00:04:58.000	4D8710D5CABB	monitor	track	[{"pose": 4, "area_id": 2, "track_id": 0, "bed_status": 0, "position_x": 0, "position_y": 40, "position_z": 0, "remaining_time": 0, "track_confidence": 80}]
2026-05-04 00:04:59.000	4D8710D5CABB	event	activity	[{"track_id": 9, "event_since": 1777874699154, "track_count": 1, "event_status": "instant", "lie_duration": 0, "walk_distance": 2, "walk_duration": 9, "stand_duration": 51, "multi_person_duration": 0}]
2026-05-04 00:04:59.000	4D8710D5CABB	monitor	heart	[{"track_id": 11, "track_confidence": 80}]
2026-05-04 00:04:59.000	4D8710D5CABB	monitor	track	[{"pose": 4, "area_id": 2, "track_id": 0, "bed_status": 0, "position_x": 0, "position_y": 40, "position_z": 0, "remaining_time": 0, "track_confidence": 80}]
2026-05-04 00:05:00.000	4D8710D5CABB	monitor	track	[{"pose": 4, "area_id": 2, "track_id": 0, "bed_status": 0, "position_x": 0, "position_y": 40, "position_z": 0, "remaining_time": 0, "track_confidence": 80}]
2026-05-04 00:05:01.000	4D8710D5CABB	monitor	track	[{"pose": 4, "area_id": 2, "track_id": 0, "bed_status": 0, "position_x": 0, "position_y": 40, "position_z": 0, "remaining_time": 0, "track_confidence": 80}]
2026-05-04 00:05:02.000	4D8710D5CABB	monitor	track	[{"pose": 4, "area_id": 2, "track_id": 0, "bed_status": 0, "position_x": 0, "position_y": 40, "position_z": 0, "remaining_time": 0, "track_confidence": 80}]
2026-05-04 00:05:03.000	4D8710D5CABB	monitor	track	[{"pose": 4, "area_id": 2, "track_id": 0, "bed_status": 0, "position_x": 0, "position_y": 40, "position_z": 0, "remaining_time": 0, "track_confidence": 80}]
2026-05-04 00:05:04.000	4D8710D5CABB	monitor	track	[{"pose": 4, "area_id": 2, "track_id": 0, "bed_status": 0, "position_x": 0, "position_y": 40, "position_z": 0, "remaining_time": 0, "track_confidence": 80}]
2026-05-04 00:05:05.000	4D8710D5CABB	monitor	track	[{"pose": 4, "area_id": 2, "track_id": 0, "bed_status": 0, "position_x": 0, "position_y": 40, "position_z": 0, "remaining_time": 0, "track_confidence": 80}]
2026-05-04 00:05:06.000	4D8710D5CABB	monitor	track	[{"pose": 4, "area_id": 2, "track_id": 0, "bed_status": 0, "position_x": 0, "position_y": 40, "position_z": 0, "remaining_time": 0, "track_confidence": 80}]
2026-05-04 00:05:07.000	4D8710D5CABB	monitor	track	[{"pose": 4, "area_id": 2, "track_id": 0, "bed_status": 0, "position_x": 0, "position_y": 40, "position_z": 0, "remaining_time": 0, "track_confidence": 80}]
2026-05-04 00:05:08.000	4D8710D5CABB	monitor	track	[{"pose": 4, "area_id": 2, "track_id": 0, "bed_status": 0, "position_x": 0, "position_y": 40, "position_z": 0, "remaining_time": 0, "track_confidence": 80}]
2026-05-04 00:05:09.000	4D8710D5CABB	monitor	track	[{"pose": 4, "area_id": 2, "track_id": 0, "bed_status": 0, "position_x": 0, "position_y": 40, "position_z": 0, "remaining_time": 0, "track_confidence": 80}]
2026-05-04 00:05:10.000	4D8710D5CABB	monitor	track	[{"pose": 4, "area_id": 2, "track_id": 0, "bed_status": 0, "position_x": 0, "position_y": 40, "position_z": 91, "remaining_time": 0, "track_confidence": 80}]
2026-05-04 00:05:11.000	4D8710D5CABB	monitor	track	[{"pose": 4, "area_id": 2, "track_id": 0, "bed_status": 0, "position_x": 0, "position_y": 40, "position_z": 0, "remaining_time": 0, "track_confidence": 80}]
2026-05-04 00:05:12.000	4D8710D5CABB	monitor	track	[{"pose": 4, "area_id": 2, "track_id": 0, "bed_status": 0, "position_x": 0, "position_y": 40, "position_z": 0, "remaining_time": 0, "track_confidence": 80}]
2026-05-04 00:05:12.000	4D8710D5CABB	monitor	track	[{"pose": 4, "area_id": 2, "track_id": 0, "bed_status": 0, "position_x": 0, "position_y": 40, "position_z": 0, "remaining_time": 0, "track_confidence": 80}]
2026-05-04 00:05:13.000	4D8710D5CABB	monitor	track	[{"pose": 4, "area_id": 2, "track_id": 0, "bed_status": 0, "position_x": 0, "position_y": 40, "position_z": 0, "remaining_time": 0, "track_confidence": 80}]
2026-05-04 00:05:14.000	4D8710D5CABB	monitor	track	[{"pose": 4, "area_id": 2, "track_id": 0, "bed_status": 0, "position_x": 0, "position_y": 40, "position_z": 0, "remaining_time": 0, "track_confidence": 80}]
2026-05-04 00:05:15.000	4D8710D5CABB	monitor	track	[{"pose": 4, "area_id": 2, "track_id": 0, "bed_status": 0, "position_x": 0, "position_y": 40, "position_z": 0, "remaining_time": 0, "track_confidence": 80}]
2026-05-04 00:05:16.000	4D8710D5CABB	monitor	track	[{"pose": 4, "area_id": 2, "track_id": 0, "bed_status": 0, "position_x": -10, "position_y": 40, "position_z": 0, "remaining_time": 0, "track_confidence": 80}]
2026-05-04 00:05:17.000	4D8710D5CABB	monitor	track	[{"pose": 4, "area_id": 2, "track_id": 0, "bed_status": 0, "position_x": 0, "position_y": 40, "position_z": 89, "remaining_time": 0, "track_confidence": 80}]
2026-05-04 00:05:18.000	4D8710D5CABB	monitor	track	[{"pose": 4, "area_id": 2, "track_id": 0, "bed_status": 0, "position_x": 0, "position_y": 40, "position_z": 0, "remaining_time": 0, "track_confidence": 80}]
2026-05-04 00:05:19.000	4D8710D5CABB	monitor	track	[{"pose": 4, "area_id": 2, "track_id": 0, "bed_status": 0, "position_x": 0, "position_y": 40, "position_z": 0, "remaining_time": 0, "track_confidence": 80}]
2026-05-04 00:05:20.000	4D8710D5CABB	monitor	track	[{"pose": 4, "area_id": 2, "track_id": 0, "bed_status": 0, "position_x": 0, "position_y": 40, "position_z": 0, "remaining_time": 0, "track_confidence": 80}]
2026-05-04 00:05:21.000	4D8710D5CABB	monitor	track	[{"pose": 4, "area_id": 2, "track_id": 0, "bed_status": 0, "position_x": -10, "position_y": 40, "position_z": 89, "remaining_time": 0, "track_confidence": 80}]
2026-05-04 00:05:22.000	4D8710D5CABB	monitor	track	[{"pose": 4, "area_id": 2, "track_id": 0, "bed_status": 0, "position_x": -10, "position_y": 40, "position_z": 0, "remaining_time": 0, "track_confidence": 80}]
2026-05-04 00:05:23.000	4D8710D5CABB	monitor	track	[{"pose": 4, "area_id": 2, "track_id": 0, "bed_status": 0, "position_x": 0, "position_y": 40, "position_z": 0, "remaining_time": 0, "track_confidence": 80}]
2026-05-04 00:05:24.000	4D8710D5CABB	monitor	track	[{"pose": 4, "area_id": 2, "track_id": 0, "bed_status": 0, "position_x": 0, "position_y": 40, "position_z": 0, "remaining_time": 0, "track_confidence": 80}]
2026-05-04 00:05:25.000	4D8710D5CABB	monitor	track	[{"pose": 4, "area_id": 2, "track_id": 0, "bed_status": 0, "position_x": 0, "position_y": 40, "position_z": 0, "remaining_time": 0, "track_confidence": 80}]
2026-05-04 00:05:26.000	4D8710D5CABB	monitor	track	[{"pose": 4, "area_id": 2, "track_id": 0, "bed_status": 0, "position_x": 0, "position_y": 40, "position_z": 0, "remaining_time": 0, "track_confidence": 80}]
2026-05-04 00:05:27.000	4D8710D5CABB	monitor	track	[{"pose": 4, "area_id": 2, "track_id": 0, "bed_status": 0, "position_x": 0, "position_y": 40, "position_z": 0, "remaining_time": 0, "track_confidence": 80}]
2026-05-04 00:05:28.000	4D8710D5CABB	monitor	track	[{"pose": 4, "area_id": 2, "track_id": 0, "bed_status": 0, "position_x": 0, "position_y": 40, "position_z": 0, "remaining_time": 0, "track_confidence": 80}]
2026-05-04 00:05:29.000	4D8710D5CABB	monitor	track	[{"pose": 4, "area_id": 2, "track_id": 0, "bed_status": 0, "position_x": 0, "position_y": 40, "position_z": 0, "remaining_time": 0, "track_confidence": 80}]
2026-05-04 00:05:30.000	4D8710D5CABB	monitor	track	[{"pose": 4, "area_id": 2, "track_id": 0, "bed_status": 0, "position_x": 0, "position_y": 40, "position_z": 0, "remaining_time": 0, "track_confidence": 80}]
2026-05-04 00:05:31.000	4D8710D5CABB	monitor	track	[{"pose": 4, "area_id": 2, "track_id": 0, "bed_status": 0, "position_x": 0, "position_y": 40, "position_z": 0, "remaining_time": 0, "track_confidence": 80}]
2026-05-04 00:05:32.000	4D8710D5CABB	monitor	track	[{"pose": 4, "area_id": 2, "track_id": 0, "bed_status": 0, "position_x": 0, "position_y": 40, "position_z": 0, "remaining_time": 0, "track_confidence": 80}]
2026-05-04 00:05:33.000	4D8710D5CABB	monitor	track	[{"pose": 4, "area_id": 2, "track_id": 0, "bed_status": 0, "position_x": 0, "position_y": 30, "position_z": 0, "remaining_time": 0, "track_confidence": 80}]
2026-05-04 00:05:34.000	4D8710D5CABB	monitor	track	[{"pose": 4, "area_id": 2, "track_id": 0, "bed_status": 0, "position_x": 0, "position_y": 40, "position_z": 92, "remaining_time": 0, "track_confidence": 80}]
2026-05-04 00:05:35.000	4D8710D5CABB	monitor	track	[{"pose": 4, "area_id": 2, "track_id": 0, "bed_status": 0, "position_x": -10, "position_y": 40, "position_z": 0, "remaining_time": 0, "track_confidence": 80}]
2026-05-04 00:05:36.000	4D8710D5CABB	monitor	track	[{"pose": 4, "area_id": 2, "track_id": 0, "bed_status": 0, "position_x": -10, "position_y": 40, "position_z": 0, "remaining_time": 0, "track_confidence": 80}]
2026-05-04 00:05:37.000	4D8710D5CABB	monitor	track	[{"pose": 4, "area_id": 2, "track_id": 0, "bed_status": 0, "position_x": -10, "position_y": 40, "position_z": 90, "remaining_time": 0, "track_confidence": 80}]
2026-05-04 00:05:38.000	4D8710D5CABB	monitor	track	[{"pose": 4, "area_id": 2, "track_id": 0, "bed_status": 0, "position_x": -10, "position_y": 40, "position_z": 0, "remaining_time": 0, "track_confidence": 80}]
2026-05-04 00:05:39.000	4D8710D5CABB	monitor	track	[{"pose": 4, "area_id": 2, "track_id": 0, "bed_status": 0, "position_x": -10, "position_y": 40, "position_z": 83, "remaining_time": 0, "track_confidence": 80}]
2026-05-04 00:05:40.000	4D8710D5CABB	monitor	track	[{"pose": 4, "area_id": 2, "track_id": 0, "bed_status": 0, "position_x": 0, "position_y": 40, "position_z": 0, "remaining_time": 0, "track_confidence": 80}]
2026-05-04 00:05:41.000	4D8710D5CABB	monitor	track	[{"pose": 4, "area_id": 2, "track_id": 0, "bed_status": 0, "position_x": 0, "position_y": 30, "position_z": 75, "remaining_time": 0, "track_confidence": 80}]
2026-05-04 00:05:42.000	4D8710D5CABB	monitor	track	[{"pose": 4, "area_id": 2, "track_id": 0, "bed_status": 0, "position_x": 0, "position_y": 20, "position_z": 116, "remaining_time": 0, "track_confidence": 80}]
2026-05-04 00:05:43.000	4D8710D5CABB	monitor	track	[{"pose": 4, "area_id": 2, "track_id": 0, "bed_status": 0, "position_x": 0, "position_y": 40, "position_z": 88, "remaining_time": 0, "track_confidence": 80}]
2026-05-04 00:05:44.000	4D8710D5CABB	monitor	track	[{"pose": 4, "area_id": 2, "track_id": 0, "bed_status": 0, "position_x": 0, "position_y": 40, "position_z": 0, "remaining_time": 0, "track_confidence": 80}]
2026-05-04 00:05:45.000	4D8710D5CABB	monitor	track	[{"pose": 4, "area_id": 2, "track_id": 0, "bed_status": 0, "position_x": 0, "position_y": 40, "position_z": 0, "remaining_time": 0, "track_confidence": 80}]
2026-05-04 00:05:46.000	4D8710D5CABB	monitor	track	[{"pose": 4, "area_id": 2, "track_id": 0, "bed_status": 0, "position_x": 0, "position_y": 40, "position_z": 0, "remaining_time": 0, "track_confidence": 80}]
2026-05-04 00:05:47.000	4D8710D5CABB	monitor	track	[{"pose": 4, "area_id": 2, "track_id": 0, "bed_status": 0, "position_x": 0, "position_y": 40, "position_z": 0, "remaining_time": 0, "track_confidence": 80}]
2026-05-04 00:05:48.000	4D8710D5CABB	monitor	track	[{"pose": 4, "area_id": 2, "track_id": 0, "bed_status": 0, "position_x": 0, "position_y": 40, "position_z": 0, "remaining_time": 0, "track_confidence": 80}]
2026-05-04 00:05:49.000	4D8710D5CABB	monitor	track	[{"pose": 4, "area_id": 2, "track_id": 0, "bed_status": 0, "position_x": 0, "position_y": 40, "position_z": 0, "remaining_time": 0, "track_confidence": 80}]
2026-05-04 00:05:50.000	4D8710D5CABB	monitor	track	[{"pose": 4, "area_id": 2, "track_id": 0, "bed_status": 0, "position_x": -10, "position_y": 40, "position_z": 0, "remaining_time": 0, "track_confidence": 80}]
2026-05-04 00:05:51.000	4D8710D5CABB	monitor	track	[{"pose": 4, "area_id": 2, "track_id": 0, "bed_status": 0, "position_x": -10, "position_y": 40, "position_z": 0, "remaining_time": 0, "track_confidence": 80}]
2026-05-04 00:05:52.000	4D8710D5CABB	monitor	track	[{"pose": 4, "area_id": 2, "track_id": 0, "bed_status": 0, "position_x": -10, "position_y": 40, "position_z": 0, "remaining_time": 0, "track_confidence": 80}]
2026-05-04 00:05:53.000	4D8710D5CABB	monitor	track	[{"pose": 4, "area_id": 2, "track_id": 0, "bed_status": 0, "position_x": 0, "position_y": 40, "position_z": 90, "remaining_time": 0, "track_confidence": 80}]
2026-05-04 00:05:54.000	4D8710D5CABB	monitor	track	[{"pose": 4, "area_id": 2, "track_id": 0, "bed_status": 0, "position_x": 0, "position_y": 40, "position_z": 92, "remaining_time": 0, "track_confidence": 80}]
2026-05-04 00:05:55.000	4D8710D5CABB	monitor	track	[{"pose": 4, "area_id": 2, "track_id": 0, "bed_status": 0, "position_x": -10, "position_y": 40, "position_z": 0, "remaining_time": 0, "track_confidence": 80}]
2026-05-04 00:05:56.000	4D8710D5CABB	monitor	track	[{"pose": 4, "area_id": 2, "track_id": 0, "bed_status": 0, "position_x": -10, "position_y": 40, "position_z": 91, "remaining_time": 0, "track_confidence": 80}]
2026-05-04 00:05:57.000	4D8710D5CABB	monitor	track	[{"pose": 4, "area_id": 2, "track_id": 0, "bed_status": 0, "position_x": 0, "position_y": 40, "position_z": 91, "remaining_time": 0, "track_confidence": 80}]
2026-05-04 00:05:58.000	4D8710D5CABB	event	activity	[{"track_id": 9, "event_since": 1777874758687, "track_count": 1, "event_status": "instant", "lie_duration": 0, "walk_distance": 0, "walk_duration": 0, "stand_duration": 60, "multi_person_duration": 0}]
2026-05-04 00:05:58.000	4D8710D5CABB	monitor	heart	[{"track_id": 11, "track_confidence": 80}]
2026-05-04 00:05:58.000	4D8710D5CABB	monitor	track	[{"pose": 4, "area_id": 2, "track_id": 0, "bed_status": 0, "position_x": 0, "position_y": 40, "position_z": 0, "remaining_time": 0, "track_confidence": 80}]
2026-05-04 00:05:59.000	4D8710D5CABB	monitor	track	[{"pose": 4, "area_id": 2, "track_id": 0, "bed_status": 0, "position_x": 0, "position_y": 40, "position_z": 0, "remaining_time": 0, "track_confidence": 80}]
2026-05-04 00:06:00.000	4D8710D5CABB	monitor	track	[{"pose": 4, "area_id": 2, "track_id": 0, "bed_status": 0, "position_x": 0, "position_y": 40, "position_z": 0, "remaining_time": 0, "track_confidence": 80}]
2026-05-04 00:06:01.000	4D8710D5CABB	monitor	track	[{"pose": 4, "area_id": 2, "track_id": 0, "bed_status": 0, "position_x": 0, "position_y": 40, "position_z": 0, "remaining_time": 0, "track_confidence": 80}]
2026-05-04 00:06:02.000	4D8710D5CABB	monitor	track	[{"pose": 4, "area_id": 2, "track_id": 0, "bed_status": 0, "position_x": 0, "position_y": 40, "position_z": 0, "remaining_time": 0, "track_confidence": 80}]
2026-05-04 00:06:03.000	4D8710D5CABB	monitor	track	[{"pose": 4, "area_id": 2, "track_id": 0, "bed_status": 0, "position_x": 0, "position_y": 40, "position_z": 0, "remaining_time": 0, "track_confidence": 80}]
2026-05-04 00:06:04.000	4D8710D5CABB	monitor	track	[{"pose": 4, "area_id": 2, "track_id": 0, "bed_status": 0, "position_x": 0, "position_y": 30, "position_z": 114, "remaining_time": 0, "track_confidence": 80}]
2026-05-04 00:06:05.000	4D8710D5CABB	monitor	track	[{"pose": 4, "area_id": 2, "track_id": 0, "bed_status": 0, "position_x": -10, "position_y": 20, "position_z": 0, "remaining_time": 0, "track_confidence": 80}]
2026-05-04 00:06:06.000	4D8710D5CABB	monitor	track	[{"pose": 4, "area_id": 2, "track_id": 0, "bed_status": 0, "position_x": -10, "position_y": 20, "position_z": 0, "remaining_time": 0, "track_confidence": 80}]
2026-05-04 00:06:07.000	4D8710D5CABB	monitor	track	[{"pose": 4, "area_id": 2, "track_id": 0, "bed_status": 0, "position_x": 0, "position_y": 30, "position_z": 90, "remaining_time": 0, "track_confidence": 80}]
2026-05-04 00:06:08.000	4D8710D5CABB	monitor	track	[{"pose": 4, "area_id": 2, "track_id": 0, "bed_status": 0, "position_x": 0, "position_y": 40, "position_z": 90, "remaining_time": 0, "track_confidence": 80}]
2026-05-04 00:06:09.000	4D8710D5CABB	monitor	track	[{"pose": 4, "area_id": 2, "track_id": 0, "bed_status": 0, "position_x": 0, "position_y": 40, "position_z": 0, "remaining_time": 0, "track_confidence": 80}]
2026-05-04 00:06:10.000	4D8710D5CABB	monitor	track	[{"pose": 4, "area_id": 2, "track_id": 0, "bed_status": 0, "position_x": -10, "position_y": 40, "position_z": 0, "remaining_time": 0, "track_confidence": 80}]
2026-05-04 00:06:11.000	4D8710D5CABB	monitor	track	[{"pose": 4, "area_id": 2, "track_id": 0, "bed_status": 0, "position_x": 0, "position_y": 40, "position_z": 90, "remaining_time": 0, "track_confidence": 80}]
2026-05-04 00:06:12.000	4D8710D5CABB	monitor	track	[{"pose": 4, "area_id": 2, "track_id": 0, "bed_status": 0, "position_x": 0, "position_y": 40, "position_z": 91, "remaining_time": 0, "track_confidence": 80}]
2026-05-04 00:06:13.000	4D8710D5CABB	monitor	track	[{"pose": 4, "area_id": 2, "track_id": 0, "bed_status": 0, "position_x": 0, "position_y": 40, "position_z": 90, "remaining_time": 0, "track_confidence": 80}]
2026-05-04 00:06:14.000	4D8710D5CABB	monitor	track	[{"pose": 4, "area_id": 2, "track_id": 0, "bed_status": 0, "position_x": 0, "position_y": 40, "position_z": 91, "remaining_time": 0, "track_confidence": 80}]
2026-05-04 00:06:15.000	4D8710D5CABB	monitor	track	[{"pose": 4, "area_id": 2, "track_id": 0, "bed_status": 0, "position_x": 0, "position_y": 40, "position_z": 90, "remaining_time": 0, "track_confidence": 80}]
2026-05-04 00:06:16.000	4D8710D5CABB	monitor	track	[{"pose": 4, "area_id": 2, "track_id": 0, "bed_status": 0, "position_x": 0, "position_y": 40, "position_z": 0, "remaining_time": 0, "track_confidence": 80}]
2026-05-04 00:06:17.000	4D8710D5CABB	monitor	track	[{"pose": 4, "area_id": 2, "track_id": 0, "bed_status": 0, "position_x": 0, "position_y": 40, "position_z": 0, "remaining_time": 0, "track_confidence": 80}]
2026-05-04 00:06:18.000	4D8710D5CABB	monitor	track	[{"pose": 4, "area_id": 2, "track_id": 0, "bed_status": 0, "position_x": 0, "position_y": 40, "position_z": 89, "remaining_time": 0, "track_confidence": 80}]
2026-05-04 00:06:19.000	4D8710D5CABB	monitor	track	[{"pose": 4, "area_id": 2, "track_id": 0, "bed_status": 0, "position_x": 0, "position_y": 40, "position_z": 89, "remaining_time": 0, "track_confidence": 80}]
2026-05-04 00:06:20.000	4D8710D5CABB	monitor	track	[{"pose": 4, "area_id": 2, "track_id": 0, "bed_status": 0, "position_x": 0, "position_y": 40, "position_z": 0, "remaining_time": 0, "track_confidence": 80}]
2026-05-04 00:06:21.000	4D8710D5CABB	monitor	track	[{"pose": 4, "area_id": 2, "track_id": 0, "bed_status": 0, "position_x": 0, "position_y": 40, "position_z": 88, "remaining_time": 0, "track_confidence": 80}]
2026-05-04 00:06:22.000	4D8710D5CABB	monitor	track	[{"pose": 4, "area_id": 2, "track_id": 0, "bed_status": 0, "position_x": 0, "position_y": 40, "position_z": 0, "remaining_time": 0, "track_confidence": 80}]
2026-05-04 00:06:23.000	4D8710D5CABB	monitor	track	[{"pose": 4, "area_id": 2, "track_id": 0, "bed_status": 0, "position_x": 0, "position_y": 40, "position_z": 0, "remaining_time": 0, "track_confidence": 80}]
2026-05-04 00:06:24.000	4D8710D5CABB	monitor	track	[{"pose": 4, "area_id": 2, "track_id": 0, "bed_status": 0, "position_x": 0, "position_y": 40, "position_z": 90, "remaining_time": 0, "track_confidence": 80}]
2026-05-04 00:06:25.000	4D8710D5CABB	monitor	track	[{"pose": 4, "area_id": 2, "track_id": 0, "bed_status": 0, "position_x": 0, "position_y": 40, "position_z": 91, "remaining_time": 0, "track_confidence": 80}]
2026-05-04 00:06:26.000	4D8710D5CABB	monitor	track	[{"pose": 4, "area_id": 2, "track_id": 0, "bed_status": 0, "position_x": 0, "position_y": 30, "position_z": 91, "remaining_time": 0, "track_confidence": 80}]
2026-05-04 00:06:27.000	4D8710D5CABB	monitor	track	[{"pose": 4, "area_id": 2, "track_id": 0, "bed_status": 0, "position_x": 0, "position_y": 40, "position_z": 0, "remaining_time": 0, "track_confidence": 80}]
2026-05-04 00:06:28.000	4D8710D5CABB	monitor	track	[{"pose": 4, "area_id": 2, "track_id": 0, "bed_status": 0, "position_x": 0, "position_y": 40, "position_z": 92, "remaining_time": 0, "track_confidence": 80}]
2026-05-04 00:06:29.000	4D8710D5CABB	monitor	track	[{"pose": 4, "area_id": 2, "track_id": 0, "bed_status": 0, "position_x": 0, "position_y": 40, "position_z": 0, "remaining_time": 0, "track_confidence": 80}]
2026-05-04 00:06:30.000	4D8710D5CABB	monitor	track	[{"pose": 4, "area_id": 2, "track_id": 0, "bed_status": 0, "position_x": 0, "position_y": 40, "position_z": 89, "remaining_time": 0, "track_confidence": 80}]
2026-05-04 00:06:31.000	4D8710D5CABB	monitor	track	[{"pose": 4, "area_id": 2, "track_id": 0, "bed_status": 0, "position_x": 0, "position_y": 40, "position_z": 0, "remaining_time": 0, "track_confidence": 80}]
2026-05-04 00:06:32.000	4D8710D5CABB	monitor	track	[{"pose": 4, "area_id": 2, "track_id": 0, "bed_status": 0, "position_x": 0, "position_y": 40, "position_z": 0, "remaining_time": 0, "track_confidence": 80}]
2026-05-04 00:06:33.000	4D8710D5CABB	monitor	track	[{"pose": 4, "area_id": 2, "track_id": 0, "bed_status": 0, "position_x": -10, "position_y": 40, "position_z": 88, "remaining_time": 0, "track_confidence": 80}]
2026-05-04 00:06:34.000	4D8710D5CABB	monitor	track	[{"pose": 4, "area_id": 2, "track_id": 0, "bed_status": 0, "position_x": -10, "position_y": 40, "position_z": 0, "remaining_time": 0, "track_confidence": 80}]
2026-05-04 00:06:35.000	4D8710D5CABB	monitor	track	[{"pose": 4, "area_id": 2, "track_id": 0, "bed_status": 0, "position_x": 0, "position_y": 40, "position_z": 0, "remaining_time": 0, "track_confidence": 80}]
2026-05-04 00:06:36.000	4D8710D5CABB	monitor	track	[{"pose": 4, "area_id": 2, "track_id": 0, "bed_status": 0, "position_x": -10, "position_y": 40, "position_z": 90, "remaining_time": 0, "track_confidence": 80}]
2026-05-04 00:06:37.000	4D8710D5CABB	monitor	track	[{"pose": 4, "area_id": 2, "track_id": 0, "bed_status": 0, "position_x": 0, "position_y": 40, "position_z": 0, "remaining_time": 0, "track_confidence": 80}]
2026-05-04 00:06:38.000	4D8710D5CABB	monitor	track	[{"pose": 4, "area_id": 2, "track_id": 0, "bed_status": 0, "position_x": 0, "position_y": 40, "position_z": 0, "remaining_time": 0, "track_confidence": 80}]
2026-05-04 00:06:39.000	4D8710D5CABB	monitor	track	[{"pose": 4, "area_id": 2, "track_id": 0, "bed_status": 0, "position_x": 0, "position_y": 40, "position_z": 0, "remaining_time": 0, "track_confidence": 80}]
2026-05-04 00:06:40.000	4D8710D5CABB	monitor	track	[{"pose": 4, "area_id": 2, "track_id": 0, "bed_status": 0, "position_x": 0, "position_y": 40, "position_z": 98, "remaining_time": 0, "track_confidence": 80}]
2026-05-04 00:06:41.000	4D8710D5CABB	monitor	track	[{"pose": 4, "area_id": 2, "track_id": 0, "bed_status": 0, "position_x": 0, "position_y": 40, "position_z": 93, "remaining_time": 0, "track_confidence": 80}]
2026-05-04 00:06:42.000	4D8710D5CABB	monitor	track	[{"pose": 4, "area_id": 2, "track_id": 0, "bed_status": 0, "position_x": -10, "position_y": 40, "position_z": 0, "remaining_time": 0, "track_confidence": 80}]
2026-05-04 00:06:43.000	4D8710D5CABB	monitor	track	[{"pose": 4, "area_id": 2, "track_id": 0, "bed_status": 0, "position_x": -10, "position_y": 40, "position_z": 0, "remaining_time": 0, "track_confidence": 80}]
2026-05-04 00:06:44.000	4D8710D5CABB	monitor	track	[{"pose": 4, "area_id": 2, "track_id": 0, "bed_status": 0, "position_x": -10, "position_y": 40, "position_z": 0, "remaining_time": 0, "track_confidence": 80}]
2026-05-04 00:06:45.000	4D8710D5CABB	monitor	track	[{"pose": 4, "area_id": 2, "track_id": 0, "bed_status": 0, "position_x": -10, "position_y": 40, "position_z": 0, "remaining_time": 0, "track_confidence": 80}]
2026-05-04 00:06:46.000	4D8710D5CABB	monitor	track	[{"pose": 4, "area_id": 2, "track_id": 0, "bed_status": 0, "position_x": -10, "position_y": 40, "position_z": 0, "remaining_time": 0, "track_confidence": 80}]
2026-05-04 00:06:47.000	4D8710D5CABB	monitor	track	[{"pose": 4, "area_id": 2, "track_id": 0, "bed_status": 0, "position_x": -10, "position_y": 40, "position_z": 0, "remaining_time": 0, "track_confidence": 80}]
2026-05-04 00:06:48.000	4D8710D5CABB	monitor	track	[{"pose": 4, "area_id": 2, "track_id": 0, "bed_status": 0, "position_x": -10, "position_y": 40, "position_z": 0, "remaining_time": 0, "track_confidence": 80}]
2026-05-04 00:06:49.000	4D8710D5CABB	monitor	track	[{"pose": 4, "area_id": 2, "track_id": 0, "bed_status": 0, "position_x": -10, "position_y": 40, "position_z": 0, "remaining_time": 0, "track_confidence": 80}]
2026-05-04 00:06:50.000	4D8710D5CABB	monitor	track	[{"pose": 4, "area_id": 2, "track_id": 0, "bed_status": 0, "position_x": -10, "position_y": 40, "position_z": 0, "remaining_time": 0, "track_confidence": 80}]
2026-05-04 00:06:51.000	4D8710D5CABB	monitor	track	[{"pose": 4, "area_id": 2, "track_id": 0, "bed_status": 0, "position_x": -10, "position_y": 40, "position_z": 0, "remaining_time": 0, "track_confidence": 80}]
2026-05-04 00:06:52.000	4D8710D5CABB	monitor	track	[{"pose": 4, "area_id": 2, "track_id": 0, "bed_status": 0, "position_x": -10, "position_y": 40, "position_z": 0, "remaining_time": 0, "track_confidence": 80}]
2026-05-04 00:06:53.000	4D8710D5CABB	monitor	track	[{"pose": 4, "area_id": 2, "track_id": 0, "bed_status": 0, "position_x": -10, "position_y": 40, "position_z": 0, "remaining_time": 0, "track_confidence": 80}]
2026-05-04 00:06:54.000	4D8710D5CABB	monitor	track	[{"pose": 4, "area_id": 2, "track_id": 0, "bed_status": 0, "position_x": -10, "position_y": 40, "position_z": 0, "remaining_time": 0, "track_confidence": 80}]
2026-05-04 00:06:55.000	4D8710D5CABB	monitor	track	[{"pose": 4, "area_id": 2, "track_id": 0, "bed_status": 0, "position_x": -10, "position_y": 40, "position_z": 0, "remaining_time": 0, "track_confidence": 80}]
2026-05-04 00:06:56.000	4D8710D5CABB	monitor	track	[{"pose": 4, "area_id": 2, "track_id": 0, "bed_status": 0, "position_x": -10, "position_y": 40, "position_z": 0, "remaining_time": 0, "track_confidence": 80}]
2026-05-04 00:06:57.000	4D8710D5CABB	monitor	track	[{"pose": 4, "area_id": 2, "track_id": 0, "bed_status": 0, "position_x": -10, "position_y": 40, "position_z": 0, "remaining_time": 0, "track_confidence": 80}]
2026-05-04 00:06:58.000	4D8710D5CABB	monitor	track	[{"pose": 4, "area_id": 2, "track_id": 0, "bed_status": 0, "position_x": 0, "position_y": 40, "position_z": 0, "remaining_time": 0, "track_confidence": 80}]
2026-05-04 00:06:59.000	4D8710D5CABB	monitor	heart	[{"track_id": 11, "track_confidence": 80}]
2026-05-04 00:06:59.000	4D8710D5CABB	event	activity	[{"track_id": 9, "event_since": 1777874819135, "track_count": 1, "event_status": "instant", "lie_duration": 0, "walk_distance": 0, "walk_duration": 0, "stand_duration": 60, "multi_person_duration": 0}]
2026-05-04 00:06:59.000	4D8710D5CABB	monitor	track	[{"pose": 4, "area_id": 2, "track_id": 0, "bed_status": 0, "position_x": 0, "position_y": 40, "position_z": 92, "remaining_time": 0, "track_confidence": 80}]
2026-05-04 00:07:00.000	4D8710D5CABB	monitor	track	[{"pose": 4, "area_id": 2, "track_id": 0, "bed_status": 0, "position_x": 0, "position_y": 40, "position_z": 91, "remaining_time": 0, "track_confidence": 80}]
2026-05-04 00:07:01.000	4D8710D5CABB	monitor	track	[{"pose": 4, "area_id": 2, "track_id": 0, "bed_status": 0, "position_x": -10, "position_y": 40, "position_z": 0, "remaining_time": 0, "track_confidence": 80}]
2026-05-04 00:07:02.000	4D8710D5CABB	monitor	track	[{"pose": 4, "area_id": 2, "track_id": 0, "bed_status": 0, "position_x": -10, "position_y": 40, "position_z": 0, "remaining_time": 0, "track_confidence": 80}]
2026-05-04 00:07:03.000	4D8710D5CABB	monitor	track	[{"pose": 4, "area_id": 2, "track_id": 0, "bed_status": 0, "position_x": -10, "position_y": 40, "position_z": 0, "remaining_time": 0, "track_confidence": 80}]
2026-05-04 00:07:04.000	4D8710D5CABB	monitor	track	[{"pose": 4, "area_id": 2, "track_id": 0, "bed_status": 0, "position_x": -10, "position_y": 0, "position_z": 104, "remaining_time": 0, "track_confidence": 80}]
2026-05-04 00:07:05.000	4D8710D5CABB	monitor	track	[{"pose": 4, "area_id": 2, "track_id": 0, "bed_status": 0, "position_x": 0, "position_y": -30, "position_z": 98, "remaining_time": 0, "track_confidence": 80}]
2026-05-04 00:07:06.000	4D8710D5CABB	monitor	track	[{"pose": 4, "area_id": 2, "track_id": 0, "bed_status": 0, "position_x": 50, "position_y": 0, "position_z": 117, "remaining_time": 0, "track_confidence": 80}]
2026-05-04 00:07:07.000	4D8710D5CABB	monitor	track	[{"pose": 4, "area_id": 2, "track_id": 0, "bed_status": 0, "position_x": 20, "position_y": 0, "position_z": 108, "remaining_time": 0, "track_confidence": 80}]
2026-05-04 00:07:08.000	4D8710D5CABB	monitor	track	[{"pose": 4, "area_id": 2, "track_id": 0, "bed_status": 0, "position_x": 20, "position_y": 0, "position_z": 119, "remaining_time": 0, "track_confidence": 80}]
2026-05-04 00:07:09.000	4D8710D5CABB	monitor	track	[{"pose": 4, "area_id": 2, "track_id": 0, "bed_status": 0, "position_x": 20, "position_y": 10, "position_z": 131, "remaining_time": 0, "track_confidence": 80}]
2026-05-04 00:07:10.000	4D8710D5CABB	monitor	track	[{"pose": 4, "area_id": 2, "track_id": 0, "bed_status": 0, "position_x": 20, "position_y": 20, "position_z": 97, "remaining_time": 0, "track_confidence": 80}]
2026-05-04 00:07:11.000	4D8710D5CABB	monitor	track	[{"pose": 4, "area_id": 2, "track_id": 0, "bed_status": 0, "position_x": 10, "position_y": 10, "position_z": 107, "remaining_time": 0, "track_confidence": 80}]
2026-05-04 00:07:12.000	4D8710D5CABB	monitor	track	[{"pose": 4, "area_id": 2, "track_id": 0, "bed_status": 0, "position_x": 0, "position_y": -10, "position_z": 118, "remaining_time": 0, "track_confidence": 80}]
2026-05-04 00:07:13.000	4D8710D5CABB	monitor	track	[{"pose": 4, "area_id": 2, "track_id": 0, "bed_status": 0, "position_x": 0, "position_y": 0, "position_z": 110, "remaining_time": 0, "track_confidence": 80}]
2026-05-04 00:07:14.000	4D8710D5CABB	monitor	track	[{"pose": 4, "area_id": 2, "track_id": 0, "bed_status": 0, "position_x": 0, "position_y": -10, "position_z": 109, "remaining_time": 0, "track_confidence": 80}]
2026-05-04 00:07:15.000	4D8710D5CABB	monitor	track	[{"pose": 4, "area_id": 2, "track_id": 0, "bed_status": 0, "position_x": 0, "position_y": -20, "position_z": 113, "remaining_time": 0, "track_confidence": 80}]
2026-05-04 00:07:16.000	4D8710D5CABB	monitor	track	[{"pose": 4, "area_id": 2, "track_id": 0, "bed_status": 0, "position_x": 0, "position_y": -30, "position_z": 116, "remaining_time": 0, "track_confidence": 80}]
2026-05-04 00:07:17.000	4D8710D5CABB	monitor	track	[{"pose": 4, "area_id": 2, "track_id": 0, "bed_status": 0, "position_x": 0, "position_y": -20, "position_z": 110, "remaining_time": 0, "track_confidence": 80}]
2026-05-04 00:07:18.000	4D8710D5CABB	monitor	track	[{"pose": 4, "area_id": 2, "track_id": 0, "bed_status": 0, "position_x": -10, "position_y": 0, "position_z": 98, "remaining_time": 0, "track_confidence": 80}]
2026-05-04 00:07:19.000	4D8710D5CABB	monitor	track	[{"pose": 4, "area_id": 2, "track_id": 0, "bed_status": 0, "position_x": -10, "position_y": 0, "position_z": 120, "remaining_time": 0, "track_confidence": 80}]
2026-05-04 00:07:20.000	4D8710D5CABB	monitor	track	[{"pose": 4, "area_id": 2, "track_id": 0, "bed_status": 0, "position_x": 0, "position_y": 0, "position_z": 89, "remaining_time": 0, "track_confidence": 80}]
2026-05-04 00:07:20.000	4D8710D5CABB	monitor	track	[{"pose": 4, "area_id": 2, "track_id": 0, "bed_status": 0, "position_x": -30, "position_y": 10, "position_z": 109, "remaining_time": 0, "track_confidence": 80}]
2026-05-04 00:07:21.000	4D8710D5CABB	monitor	track	[{"pose": 4, "area_id": 2, "track_id": 0, "bed_status": 0, "position_x": -30, "position_y": 40, "position_z": 106, "remaining_time": 0, "track_confidence": 80}]
2026-05-04 00:07:22.000	4D8710D5CABB	monitor	track	[{"pose": 4, "area_id": 2, "track_id": 0, "bed_status": 0, "position_x": -40, "position_y": 50, "position_z": 116, "remaining_time": 0, "track_confidence": 80}]
2026-05-04 00:07:23.000	4D8710D5CABB	monitor	track	[{"pose": 4, "area_id": 2, "track_id": 0, "bed_status": 0, "position_x": -20, "position_y": 50, "position_z": 133, "remaining_time": 0, "track_confidence": 80}]
2026-05-04 00:07:24.000	4D8710D5CABB	monitor	track	[{"pose": 4, "area_id": 2, "track_id": 0, "bed_status": 0, "position_x": -20, "position_y": 50, "position_z": 122, "remaining_time": 0, "track_confidence": 80}]
2026-05-04 00:07:25.000	4D8710D5CABB	monitor	track	[{"pose": 4, "area_id": 2, "track_id": 0, "bed_status": 0, "position_x": -20, "position_y": 40, "position_z": 125, "remaining_time": 0, "track_confidence": 80}]
2026-05-04 00:07:26.000	4D8710D5CABB	monitor	track	[{"pose": 4, "area_id": 2, "track_id": 0, "bed_status": 0, "position_x": 0, "position_y": 60, "position_z": 99, "remaining_time": 0, "track_confidence": 80}]
2026-05-04 00:07:27.000	4D8710D5CABB	monitor	track	[{"pose": 4, "area_id": 2, "track_id": 0, "bed_status": 0, "position_x": 0, "position_y": 60, "position_z": 125, "remaining_time": 0, "track_confidence": 80}]
2026-05-04 00:07:28.000	4D8710D5CABB	monitor	track	[{"pose": 4, "area_id": 2, "track_id": 0, "bed_status": 0, "position_x": 0, "position_y": 60, "position_z": 146, "remaining_time": 0, "track_confidence": 80}]
2026-05-04 00:07:29.000	4D8710D5CABB	monitor	track	[{"pose": 4, "area_id": 2, "track_id": 0, "bed_status": 0, "position_x": 10, "position_y": 60, "position_z": 124, "remaining_time": 0, "track_confidence": 80}]
2026-05-04 00:07:30.000	4D8710D5CABB	monitor	track	[{"pose": 4, "area_id": 2, "track_id": 0, "bed_status": 0, "position_x": -10, "position_y": 70, "position_z": 127, "remaining_time": 0, "track_confidence": 80}]
2026-05-04 00:07:31.000	4D8710D5CABB	monitor	track	[{"pose": 4, "area_id": 2, "track_id": 0, "bed_status": 0, "position_x": 0, "position_y": 60, "position_z": 129, "remaining_time": 0, "track_confidence": 80}]
2026-05-04 00:07:32.000	4D8710D5CABB	monitor	track	[{"pose": 4, "area_id": 2, "track_id": 0, "bed_status": 0, "position_x": 0, "position_y": 60, "position_z": 151, "remaining_time": 0, "track_confidence": 80}]
2026-05-04 00:07:33.000	4D8710D5CABB	monitor	track	[{"pose": 4, "area_id": 2, "track_id": 0, "bed_status": 0, "position_x": 0, "position_y": 60, "position_z": 148, "remaining_time": 0, "track_confidence": 80}]
2026-05-04 00:07:34.000	4D8710D5CABB	monitor	track	[{"pose": 4, "area_id": 2, "track_id": 0, "bed_status": 0, "position_x": 0, "position_y": 60, "position_z": 118, "remaining_time": 0, "track_confidence": 80}]
2026-05-04 00:07:35.000	4D8710D5CABB	monitor	track	[{"pose": 4, "area_id": 2, "track_id": 0, "bed_status": 0, "position_x": 10, "position_y": 60, "position_z": 135, "remaining_time": 0, "track_confidence": 80}]
2026-05-04 00:07:36.000	4D8710D5CABB	monitor	track	[{"pose": 4, "area_id": 2, "track_id": 0, "bed_status": 0, "position_x": 0, "position_y": 60, "position_z": 0, "remaining_time": 0, "track_confidence": 80}]
2026-05-04 00:07:37.000	4D8710D5CABB	monitor	track	[{"pose": 4, "area_id": 2, "track_id": 0, "bed_status": 0, "position_x": 10, "position_y": 60, "position_z": 159, "remaining_time": 0, "track_confidence": 80}]
2026-05-04 00:07:38.000	4D8710D5CABB	monitor	track	[{"pose": 4, "area_id": 2, "track_id": 0, "bed_status": 0, "position_x": 0, "position_y": 60, "position_z": 0, "remaining_time": 0, "track_confidence": 80}]
2026-05-04 00:07:39.000	4D8710D5CABB	monitor	track	[{"pose": 4, "area_id": 2, "track_id": 0, "bed_status": 0, "position_x": 0, "position_y": 60, "position_z": 120, "remaining_time": 0, "track_confidence": 80}]
2026-05-04 00:07:40.000	4D8710D5CABB	monitor	track	[{"pose": 4, "area_id": 2, "track_id": 0, "bed_status": 0, "position_x": 10, "position_y": 60, "position_z": 130, "remaining_time": 0, "track_confidence": 80}]
2026-05-04 00:07:41.000	4D8710D5CABB	monitor	track	[{"pose": 4, "area_id": 2, "track_id": 0, "bed_status": 0, "position_x": 10, "position_y": 60, "position_z": 162, "remaining_time": 0, "track_confidence": 80}]
2026-05-04 00:07:42.000	4D8710D5CABB	monitor	track	[{"pose": 4, "area_id": 2, "track_id": 0, "bed_status": 0, "position_x": 10, "position_y": 50, "position_z": 120, "remaining_time": 0, "track_confidence": 80}]
2026-05-04 00:07:43.000	4D8710D5CABB	monitor	track	[{"pose": 4, "area_id": 2, "track_id": 0, "bed_status": 0, "position_x": 0, "position_y": 50, "position_z": 127, "remaining_time": 0, "track_confidence": 80}]
2026-05-04 00:07:44.000	4D8710D5CABB	monitor	track	[{"pose": 4, "area_id": 2, "track_id": 0, "bed_status": 0, "position_x": 10, "position_y": 40, "position_z": 113, "remaining_time": 0, "track_confidence": 80}]
2026-05-04 00:07:45.000	4D8710D5CABB	monitor	track	[{"pose": 4, "area_id": 2, "track_id": 0, "bed_status": 0, "position_x": -20, "position_y": 0, "position_z": 104, "remaining_time": 0, "track_confidence": 80}]
2026-05-04 00:07:46.000	4D8710D5CABB	monitor	track	[{"pose": 1, "area_id": 2, "track_id": 0, "bed_status": 0, "position_x": -40, "position_y": -30, "position_z": 124, "remaining_time": 0, "track_confidence": 80}]
2026-05-04 00:07:47.000	4D8710D5CABB	monitor	track	[{"pose": 1, "area_id": 2, "track_id": 0, "bed_status": 0, "position_x": -10, "position_y": 20, "position_z": 102, "remaining_time": 0, "track_confidence": 80}]
2026-05-04 00:07:48.000	4D8710D5CABB	monitor	track	[{"pose": 1, "area_id": 2, "track_id": 0, "bed_status": 0, "position_x": 50, "position_y": 40, "position_z": 118, "remaining_time": 0, "track_confidence": 80}]
2026-05-04 00:07:49.000	4D8710D5CABB	monitor	track	[{"pose": 1, "area_id": 2, "track_id": 0, "bed_status": 0, "position_x": 40, "position_y": 50, "position_z": 125, "remaining_time": 0, "track_confidence": 80}]
2026-05-04 00:07:50.000	4D8710D5CABB	monitor	track	[{"pose": 1, "area_id": 2, "track_id": 0, "bed_status": 0, "position_x": 0, "position_y": 20, "position_z": 112, "remaining_time": 0, "track_confidence": 80}]
2026-05-04 00:07:51.000	4D8710D5CABB	monitor	track	[{"pose": 1, "area_id": 2, "track_id": 0, "bed_status": 0, "position_x": -10, "position_y": -10, "position_z": 108, "remaining_time": 0, "track_confidence": 80}]
2026-05-04 00:07:52.000	4D8710D5CABB	monitor	track	[{"pose": 1, "area_id": 2, "track_id": 0, "bed_status": 0, "position_x": -10, "position_y": -20, "position_z": 133, "remaining_time": 0, "track_confidence": 80}]
2026-05-04 00:07:53.000	4D8710D5CABB	monitor	track	[{"pose": 1, "area_id": 2, "track_id": 0, "bed_status": 0, "position_x": -20, "position_y": 0, "position_z": 98, "remaining_time": 0, "track_confidence": 80}]
2026-05-04 00:07:54.000	4D8710D5CABB	monitor	track	[{"pose": 1, "area_id": 2, "track_id": 0, "bed_status": 0, "position_x": 0, "position_y": 0, "position_z": 97, "remaining_time": 0, "track_confidence": 80}]
2026-05-04 00:07:55.000	4D8710D5CABB	monitor	track	[{"pose": 1, "area_id": 2, "track_id": 0, "bed_status": 0, "position_x": 0, "position_y": -40, "position_z": 77, "remaining_time": 0, "track_confidence": 80}]
2026-05-04 00:07:56.000	4D8710D5CABB	monitor	track	[{"pose": 1, "area_id": 2, "track_id": 0, "bed_status": 0, "position_x": 0, "position_y": -20, "position_z": 112, "remaining_time": 0, "track_confidence": 80}]
2026-05-04 00:07:57.000	4D8710D5CABB	event	activity	[{"track_id": 9, "event_since": 1777874877663, "track_count": 1, "event_status": "instant", "lie_duration": 0, "walk_distance": 2, "walk_duration": 10, "stand_duration": 50, "multi_person_duration": 0}]
2026-05-04 00:07:57.000	4D8710D5CABB	monitor	heart	[{"track_id": 11, "track_confidence": 80}]
2026-05-04 00:07:57.000	4D8710D5CABB	monitor	track	[{"pose": 1, "area_id": 2, "track_id": 0, "bed_status": 0, "position_x": -10, "position_y": -10, "position_z": 94, "remaining_time": 0, "track_confidence": 80}]
2026-05-04 00:07:58.000	4D8710D5CABB	monitor	track	[{"pose": 1, "area_id": 2, "track_id": 0, "bed_status": 0, "position_x": -10, "position_y": 10, "position_z": 89, "remaining_time": 0, "track_confidence": 80}]
2026-05-04 00:07:59.000	4D8710D5CABB	monitor	track	[{"pose": 1, "area_id": 2, "track_id": 0, "bed_status": 0, "position_x": 30, "position_y": -10, "position_z": 84, "remaining_time": 0, "track_confidence": 80}]
2026-05-04 00:08:00.000	4D8710D5CABB	monitor	track	[{"pose": 1, "area_id": 2, "track_id": 0, "bed_status": 0, "position_x": 0, "position_y": -50, "position_z": 58, "remaining_time": 0, "track_confidence": 80}]
2026-05-04 00:08:01.000	4D8710D5CABB	monitor	track	[{"pose": 1, "area_id": 2, "track_id": 0, "bed_status": 0, "position_x": -10, "position_y": -50, "position_z": 60, "remaining_time": 0, "track_confidence": 80}]
2026-05-04 00:08:02.000	4D8710D5CABB	monitor	track	[{"pose": 1, "area_id": 2, "track_id": 0, "bed_status": 0, "position_x": 0, "position_y": -60, "position_z": 59, "remaining_time": 0, "track_confidence": 80}]
2026-05-04 00:08:03.000	4D8710D5CABB	monitor	track	[{"pose": 1, "area_id": 2, "track_id": 0, "bed_status": 0, "position_x": 0, "position_y": -60, "position_z": 59, "remaining_time": 0, "track_confidence": 80}]
2026-05-04 00:08:04.000	4D8710D5CABB	monitor	track	[{"pose": 1, "area_id": 2, "track_id": 0, "bed_status": 0, "position_x": -10, "position_y": -50, "position_z": 63, "remaining_time": 0, "track_confidence": 80}]
2026-05-04 00:08:05.000	4D8710D5CABB	monitor	track	[{"pose": 1, "area_id": 2, "track_id": 0, "bed_status": 0, "position_x": 0, "position_y": -50, "position_z": 62, "remaining_time": 0, "track_confidence": 80}]
2026-05-04 00:08:06.000	4D8710D5CABB	monitor	track	[{"pose": 1, "area_id": 2, "track_id": 0, "bed_status": 0, "position_x": -30, "position_y": -50, "position_z": 0, "remaining_time": 0, "track_confidence": 80}]
2026-05-04 00:08:07.000	4D8710D5CABB	monitor	track	[{"pose": 1, "area_id": 2, "track_id": 0, "bed_status": 0, "position_x": -20, "position_y": -60, "position_z": 61, "remaining_time": 0, "track_confidence": 80}]
2026-05-04 00:08:08.000	4D8710D5CABB	monitor	track	[{"pose": 1, "area_id": 2, "track_id": 0, "bed_status": 0, "position_x": 0, "position_y": -50, "position_z": 0, "remaining_time": 0, "track_confidence": 80}]
2026-05-04 00:08:09.000	4D8710D5CABB	monitor	track	[{"pose": 1, "area_id": 2, "track_id": 0, "bed_status": 0, "position_x": 0, "position_y": -50, "position_z": 0, "remaining_time": 0, "track_confidence": 80}]
2026-05-04 00:08:10.000	4D8710D5CABB	monitor	track	[{"pose": 1, "area_id": 2, "track_id": 0, "bed_status": 0, "position_x": -10, "position_y": -50, "position_z": 0, "remaining_time": 0, "track_confidence": 80}]
2026-05-04 00:08:11.000	4D8710D5CABB	monitor	track	[{"pose": 1, "area_id": 2, "track_id": 0, "bed_status": 0, "position_x": -10, "position_y": -50, "position_z": 0, "remaining_time": 0, "track_confidence": 80}]
2026-05-04 00:08:12.000	4D8710D5CABB	monitor	track	[{"pose": 1, "area_id": 2, "track_id": 0, "bed_status": 0, "position_x": -10, "position_y": -60, "position_z": 0, "remaining_time": 0, "track_confidence": 80}]
2026-05-04 00:08:13.000	4D8710D5CABB	monitor	track	[{"pose": 1, "area_id": 2, "track_id": 0, "bed_status": 0, "position_x": 0, "position_y": -70, "position_z": 0, "remaining_time": 0, "track_confidence": 80}]
2026-05-04 00:08:14.000	4D8710D5CABB	monitor	track	[{"pose": 1, "area_id": 2, "track_id": 0, "bed_status": 0, "position_x": 0, "position_y": -70, "position_z": 0, "remaining_time": 0, "track_confidence": 80}]
2026-05-04 00:08:15.000	4D8710D5CABB	monitor	track	[{"pose": 4, "area_id": 2, "track_id": 0, "bed_status": 0, "position_x": 0, "position_y": -70, "position_z": 0, "remaining_time": 0, "track_confidence": 80}]
2026-05-04 00:08:16.000	4D8710D5CABB	monitor	track	[{"pose": 4, "area_id": 2, "track_id": 0, "bed_status": 0, "position_x": 0, "position_y": -60, "position_z": 0, "remaining_time": 0, "track_confidence": 80}]
2026-05-04 00:08:17.000	4D8710D5CABB	monitor	track	[{"pose": 4, "area_id": 2, "track_id": 0, "bed_status": 0, "position_x": 0, "position_y": -60, "position_z": 0, "remaining_time": 0, "track_confidence": 80}]
2026-05-04 00:08:18.000	4D8710D5CABB	monitor	track	[{"pose": 4, "area_id": 2, "track_id": 0, "bed_status": 0, "position_x": 0, "position_y": -60, "position_z": 0, "remaining_time": 0, "track_confidence": 80}]
2026-05-04 00:08:19.000	4D8710D5CABB	monitor	track	[{"pose": 4, "area_id": 2, "track_id": 0, "bed_status": 0, "position_x": 0, "position_y": -60, "position_z": 0, "remaining_time": 0, "track_confidence": 80}]
2026-05-04 00:08:20.000	4D8710D5CABB	monitor	track	[{"pose": 4, "area_id": 2, "track_id": 0, "bed_status": 0, "position_x": 0, "position_y": -60, "position_z": 0, "remaining_time": 0, "track_confidence": 80}]
2026-05-04 00:08:21.000	4D8710D5CABB	monitor	track	[{"pose": 4, "area_id": 2, "track_id": 0, "bed_status": 0, "position_x": 0, "position_y": -60, "position_z": 0, "remaining_time": 0, "track_confidence": 80}]
2026-05-04 00:08:22.000	4D8710D5CABB	monitor	track	[{"pose": 4, "area_id": 2, "track_id": 0, "bed_status": 0, "position_x": 0, "position_y": -60, "position_z": 0, "remaining_time": 0, "track_confidence": 80}]
2026-05-04 00:08:23.000	4D8710D5CABB	monitor	track	[{"pose": 4, "area_id": 2, "track_id": 0, "bed_status": 0, "position_x": 0, "position_y": -60, "position_z": 0, "remaining_time": 0, "track_confidence": 80}]
2026-05-04 00:08:24.000	4D8710D5CABB	monitor	track	[{"pose": 4, "area_id": 2, "track_id": 0, "bed_status": 0, "position_x": 0, "position_y": -60, "position_z": 0, "remaining_time": 0, "track_confidence": 80}]
2026-05-04 00:08:25.000	4D8710D5CABB	monitor	track	[{"pose": 4, "area_id": 2, "track_id": 0, "bed_status": 0, "position_x": 0, "position_y": -60, "position_z": 0, "remaining_time": 0, "track_confidence": 80}]
2026-05-04 00:08:26.000	4D8710D5CABB	monitor	track	[{"pose": 4, "area_id": 2, "track_id": 0, "bed_status": 0, "position_x": 0, "position_y": -60, "position_z": 0, "remaining_time": 0, "track_confidence": 80}]
2026-05-04 00:08:27.000	4D8710D5CABB	monitor	track	[{"pose": 4, "area_id": 2, "track_id": 0, "bed_status": 0, "position_x": 0, "position_y": -60, "position_z": 0, "remaining_time": 0, "track_confidence": 80}]
2026-05-04 00:08:28.000	4D8710D5CABB	monitor	track	[{"pose": 4, "area_id": 2, "track_id": 0, "bed_status": 0, "position_x": 0, "position_y": -60, "position_z": 0, "remaining_time": 0, "track_confidence": 80}]
2026-05-04 00:08:29.000	4D8710D5CABB	monitor	track	[{"pose": 4, "area_id": 2, "track_id": 0, "bed_status": 0, "position_x": 0, "position_y": -60, "position_z": 0, "remaining_time": 0, "track_confidence": 80}]
2026-05-04 00:08:30.000	4D8710D5CABB	monitor	track	[{"pose": 4, "area_id": 2, "track_id": 0, "bed_status": 0, "position_x": 0, "position_y": -60, "position_z": 0, "remaining_time": 0, "track_confidence": 80}]
2026-05-04 00:08:31.000	4D8710D5CABB	monitor	track	[{"pose": 4, "area_id": 2, "track_id": 0, "bed_status": 0, "position_x": 0, "position_y": -60, "position_z": 0, "remaining_time": 0, "track_confidence": 80}]
2026-05-04 00:08:32.000	4D8710D5CABB	monitor	track	[{"pose": 4, "area_id": 2, "track_id": 0, "bed_status": 0, "position_x": 0, "position_y": -60, "position_z": 0, "remaining_time": 0, "track_confidence": 80}]
2026-05-04 00:08:33.000	4D8710D5CABB	monitor	track	[{"pose": 4, "area_id": 2, "track_id": 0, "bed_status": 0, "position_x": 0, "position_y": -60, "position_z": 0, "remaining_time": 0, "track_confidence": 80}]
2026-05-04 00:08:34.000	4D8710D5CABB	monitor	track	[{"pose": 4, "area_id": 2, "track_id": 0, "bed_status": 0, "position_x": 0, "position_y": -60, "position_z": 0, "remaining_time": 0, "track_confidence": 80}]
2026-05-04 00:08:35.000	4D8710D5CABB	monitor	track	[{"pose": 4, "area_id": 2, "track_id": 0, "bed_status": 0, "position_x": 0, "position_y": -60, "position_z": 0, "remaining_time": 0, "track_confidence": 80}]
2026-05-04 00:08:36.000	4D8710D5CABB	monitor	track	[{"pose": 4, "area_id": 2, "track_id": 0, "bed_status": 0, "position_x": 0, "position_y": -60, "position_z": 0, "remaining_time": 0, "track_confidence": 80}]
2026-05-04 00:08:37.000	4D8710D5CABB	monitor	track	[{"pose": 4, "area_id": 2, "track_id": 0, "bed_status": 0, "position_x": 0, "position_y": -60, "position_z": 0, "remaining_time": 0, "track_confidence": 80}]
2026-05-04 00:08:38.000	4D8710D5CABB	monitor	track	[{"pose": 4, "area_id": 2, "track_id": 0, "bed_status": 0, "position_x": 0, "position_y": -60, "position_z": 0, "remaining_time": 0, "track_confidence": 80}]
2026-05-04 00:08:39.000	4D8710D5CABB	monitor	track	[{"pose": 4, "area_id": 2, "track_id": 0, "bed_status": 0, "position_x": 0, "position_y": -60, "position_z": 0, "remaining_time": 0, "track_confidence": 80}]
2026-05-04 00:08:40.000	4D8710D5CABB	monitor	track	[{"pose": 4, "area_id": 2, "track_id": 0, "bed_status": 0, "position_x": 0, "position_y": -60, "position_z": 0, "remaining_time": 0, "track_confidence": 80}]
2026-05-04 00:08:41.000	4D8710D5CABB	monitor	track	[{"pose": 4, "area_id": 2, "track_id": 0, "bed_status": 0, "position_x": 0, "position_y": -60, "position_z": 0, "remaining_time": 0, "track_confidence": 80}]
2026-05-04 00:08:42.000	4D8710D5CABB	monitor	track	[{"pose": 4, "area_id": 2, "track_id": 0, "bed_status": 0, "position_x": 0, "position_y": -60, "position_z": 0, "remaining_time": 0, "track_confidence": 80}]
2026-05-04 00:08:43.000	4D8710D5CABB	monitor	track	[{"pose": 4, "area_id": 2, "track_id": 0, "bed_status": 0, "position_x": 0, "position_y": -60, "position_z": 0, "remaining_time": 0, "track_confidence": 80}]
2026-05-04 00:08:44.000	4D8710D5CABB	monitor	track	[{"pose": 4, "area_id": 2, "track_id": 0, "bed_status": 0, "position_x": 0, "position_y": -60, "position_z": 0, "remaining_time": 0, "track_confidence": 80}]
2026-05-04 00:08:45.000	4D8710D5CABB	monitor	track	[{"pose": 4, "area_id": 2, "track_id": 0, "bed_status": 0, "position_x": 0, "position_y": -60, "position_z": 0, "remaining_time": 0, "track_confidence": 80}]
2026-05-04 00:08:46.000	4D8710D5CABB	monitor	track	[{"pose": 4, "area_id": 2, "track_id": 0, "bed_status": 0, "position_x": 0, "position_y": -60, "position_z": 0, "remaining_time": 0, "track_confidence": 80}]
2026-05-04 00:08:47.000	4D8710D5CABB	monitor	track	[{"pose": 4, "area_id": 2, "track_id": 0, "bed_status": 0, "position_x": 0, "position_y": -60, "position_z": 0, "remaining_time": 0, "track_confidence": 80}]
2026-05-04 00:08:48.000	4D8710D5CABB	monitor	track	[{"pose": 4, "area_id": 2, "track_id": 0, "bed_status": 0, "position_x": 0, "position_y": -60, "position_z": 0, "remaining_time": 0, "track_confidence": 80}]
2026-05-04 00:08:49.000	4D8710D5CABB	monitor	track	[{"pose": 4, "area_id": 2, "track_id": 0, "bed_status": 0, "position_x": 0, "position_y": -60, "position_z": 0, "remaining_time": 0, "track_confidence": 80}]
2026-05-04 00:08:50.000	4D8710D5CABB	monitor	track	[{"pose": 4, "area_id": 2, "track_id": 0, "bed_status": 0, "position_x": 0, "position_y": -60, "position_z": 0, "remaining_time": 0, "track_confidence": 80}]
2026-05-04 00:08:51.000	4D8710D5CABB	monitor	track	[{"pose": 4, "area_id": 2, "track_id": 0, "bed_status": 0, "position_x": 0, "position_y": -60, "position_z": 0, "remaining_time": 0, "track_confidence": 80}]
2026-05-04 00:08:52.000	4D8710D5CABB	monitor	track	[{"pose": 4, "area_id": 2, "track_id": 0, "bed_status": 0, "position_x": 0, "position_y": -60, "position_z": 0, "remaining_time": 0, "track_confidence": 80}]
2026-05-04 00:08:53.000	4D8710D5CABB	monitor	track	[{"pose": 4, "area_id": 2, "track_id": 0, "bed_status": 0, "position_x": 0, "position_y": -60, "position_z": 0, "remaining_time": 0, "track_confidence": 80}]
2026-05-04 00:08:54.000	4D8710D5CABB	monitor	track	[{"pose": 4, "area_id": 2, "track_id": 0, "bed_status": 0, "position_x": 0, "position_y": -60, "position_z": 0, "remaining_time": 0, "track_confidence": 80}]
2026-05-04 00:08:55.000	4D8710D5CABB	monitor	track	[{"pose": 4, "area_id": 2, "track_id": 0, "bed_status": 0, "position_x": 0, "position_y": -60, "position_z": 0, "remaining_time": 0, "track_confidence": 80}]
2026-05-04 00:08:56.000	4D8710D5CABB	monitor	track	[{"pose": 4, "area_id": 2, "track_id": 0, "bed_status": 0, "position_x": 0, "position_y": -60, "position_z": 0, "remaining_time": 0, "track_confidence": 80}]
2026-05-04 00:08:57.000	4D8710D5CABB	monitor	heart	[{"track_id": 11, "track_confidence": 80}]
2026-05-04 00:08:57.000	4D8710D5CABB	event	activity	[{"track_id": 9, "event_since": 1777874937212, "track_count": 1, "event_status": "instant", "lie_duration": 0, "walk_distance": 2, "walk_duration": 19, "stand_duration": 41, "multi_person_duration": 0}]
2026-05-04 00:08:57.000	4D8710D5CABB	monitor	track	[{"pose": 4, "area_id": 2, "track_id": 0, "bed_status": 0, "position_x": 0, "position_y": -60, "position_z": 0, "remaining_time": 0, "track_confidence": 80}]
2026-05-04 00:08:58.000	4D8710D5CABB	monitor	track	[{"pose": 4, "area_id": 2, "track_id": 0, "bed_status": 0, "position_x": 0, "position_y": -60, "position_z": 0, "remaining_time": 0, "track_confidence": 80}]
2026-05-04 00:08:59.000	4D8710D5CABB	monitor	track	[{"pose": 4, "area_id": 2, "track_id": 0, "bed_status": 0, "position_x": 0, "position_y": -60, "position_z": 0, "remaining_time": 0, "track_confidence": 80}]
2026-05-04 00:09:00.000	4D8710D5CABB	monitor	track	[{"pose": 4, "area_id": 2, "track_id": 0, "bed_status": 0, "position_x": 0, "position_y": -60, "position_z": 0, "remaining_time": 0, "track_confidence": 80}]
2026-05-04 00:09:01.000	4D8710D5CABB	monitor	track	[{"pose": 4, "area_id": 2, "track_id": 0, "bed_status": 0, "position_x": 0, "position_y": -60, "position_z": 0, "remaining_time": 0, "track_confidence": 80}]
2026-05-04 00:09:02.000	4D8710D5CABB	monitor	track	[{"pose": 4, "area_id": 2, "track_id": 0, "bed_status": 0, "position_x": 0, "position_y": -60, "position_z": 0, "remaining_time": 0, "track_confidence": 80}]
2026-05-04 00:09:03.000	4D8710D5CABB	monitor	track	[{"pose": 4, "area_id": 2, "track_id": 0, "bed_status": 0, "position_x": 0, "position_y": -60, "position_z": 0, "remaining_time": 0, "track_confidence": 80}]
2026-05-04 00:09:04.000	4D8710D5CABB	monitor	track	[{"pose": 4, "area_id": 2, "track_id": 0, "bed_status": 0, "position_x": 0, "position_y": -60, "position_z": 0, "remaining_time": 0, "track_confidence": 80}]
2026-05-04 00:09:05.000	4D8710D5CABB	monitor	track	[{"pose": 4, "area_id": 2, "track_id": 0, "bed_status": 0, "position_x": 0, "position_y": -60, "position_z": 0, "remaining_time": 0, "track_confidence": 80}]
2026-05-04 00:09:06.000	4D8710D5CABB	monitor	track	[{"pose": 4, "area_id": 2, "track_id": 0, "bed_status": 0, "position_x": 0, "position_y": -60, "position_z": 0, "remaining_time": 0, "track_confidence": 80}]
2026-05-04 00:09:07.000	4D8710D5CABB	monitor	track	[{"pose": 4, "area_id": 2, "track_id": 0, "bed_status": 0, "position_x": 0, "position_y": -60, "position_z": 0, "remaining_time": 0, "track_confidence": 80}]
2026-05-04 00:09:08.000	4D8710D5CABB	monitor	track	[{"pose": 4, "area_id": 2, "track_id": 0, "bed_status": 0, "position_x": 0, "position_y": -60, "position_z": 0, "remaining_time": 0, "track_confidence": 80}]
2026-05-04 00:09:09.000	4D8710D5CABB	monitor	track	[{"pose": 4, "area_id": 2, "track_id": 0, "bed_status": 0, "position_x": 0, "position_y": -60, "position_z": 0, "remaining_time": 0, "track_confidence": 80}]
2026-05-04 00:09:10.000	4D8710D5CABB	monitor	track	[{"pose": 4, "area_id": 2, "track_id": 0, "bed_status": 0, "position_x": 0, "position_y": -60, "position_z": 0, "remaining_time": 0, "track_confidence": 80}]
2026-05-04 00:09:11.000	4D8710D5CABB	monitor	track	[{"pose": 4, "area_id": 2, "track_id": 0, "bed_status": 0, "position_x": 0, "position_y": -60, "position_z": 0, "remaining_time": 0, "track_confidence": 80}]
2026-05-04 00:09:12.000	4D8710D5CABB	monitor	track	[{"pose": 4, "area_id": 2, "track_id": 0, "bed_status": 0, "position_x": 0, "position_y": -60, "position_z": 0, "remaining_time": 0, "track_confidence": 80}]
2026-05-04 00:09:13.000	4D8710D5CABB	monitor	track	[{"pose": 4, "area_id": 2, "track_id": 0, "bed_status": 0, "position_x": 0, "position_y": -60, "position_z": 0, "remaining_time": 0, "track_confidence": 80}]
2026-05-04 00:09:14.000	4D8710D5CABB	monitor	track	[{"pose": 4, "area_id": 2, "track_id": 0, "bed_status": 0, "position_x": 0, "position_y": -60, "position_z": 0, "remaining_time": 0, "track_confidence": 80}]
2026-05-04 00:09:15.000	4D8710D5CABB	monitor	track	[{"pose": 4, "area_id": 2, "track_id": 0, "bed_status": 0, "position_x": 0, "position_y": -60, "position_z": 0, "remaining_time": 0, "track_confidence": 80}]
2026-05-04 00:09:16.000	4D8710D5CABB	monitor	track	[{"pose": 4, "area_id": 2, "track_id": 0, "bed_status": 0, "position_x": 0, "position_y": -60, "position_z": 0, "remaining_time": 0, "track_confidence": 80}]
2026-05-04 00:09:17.000	4D8710D5CABB	monitor	track	[{"pose": 4, "area_id": 2, "track_id": 0, "bed_status": 0, "position_x": 0, "position_y": -60, "position_z": 0, "remaining_time": 0, "track_confidence": 80}]
2026-05-04 00:09:18.000	4D8710D5CABB	monitor	track	[{"pose": 4, "area_id": 2, "track_id": 0, "bed_status": 0, "position_x": 0, "position_y": -60, "position_z": 0, "remaining_time": 0, "track_confidence": 80}]
2026-05-04 00:09:19.000	4D8710D5CABB	monitor	track	[{"pose": 4, "area_id": 2, "track_id": 0, "bed_status": 0, "position_x": 0, "position_y": -60, "position_z": 0, "remaining_time": 0, "track_confidence": 80}]
2026-05-04 00:09:20.000	4D8710D5CABB	monitor	track	[{"pose": 4, "area_id": 2, "track_id": 0, "bed_status": 0, "position_x": 0, "position_y": -60, "position_z": 0, "remaining_time": 0, "track_confidence": 80}]
2026-05-04 00:09:21.000	4D8710D5CABB	monitor	track	[{"pose": 4, "area_id": 2, "track_id": 0, "bed_status": 0, "position_x": 0, "position_y": -60, "position_z": 0, "remaining_time": 0, "track_confidence": 80}]
2026-05-04 00:09:22.000	4D8710D5CABB	monitor	track	[{"pose": 4, "area_id": 2, "track_id": 0, "bed_status": 0, "position_x": 0, "position_y": -60, "position_z": 0, "remaining_time": 0, "track_confidence": 80}]
2026-05-04 00:09:23.000	4D8710D5CABB	monitor	track	[{"pose": 4, "area_id": 2, "track_id": 0, "bed_status": 0, "position_x": 0, "position_y": -60, "position_z": 0, "remaining_time": 0, "track_confidence": 80}]
2026-05-04 00:09:24.000	4D8710D5CABB	monitor	track	[{"pose": 4, "area_id": 2, "track_id": 0, "bed_status": 0, "position_x": 0, "position_y": -60, "position_z": 0, "remaining_time": 0, "track_confidence": 80}]
2026-05-04 00:09:25.000	4D8710D5CABB	monitor	track	[{"pose": 4, "area_id": 2, "track_id": 0, "bed_status": 0, "position_x": 0, "position_y": -60, "position_z": 0, "remaining_time": 0, "track_confidence": 80}]
2026-05-04 00:09:26.000	4D8710D5CABB	monitor	track	[{"pose": 4, "area_id": 2, "track_id": 0, "bed_status": 0, "position_x": 0, "position_y": -60, "position_z": 0, "remaining_time": 0, "track_confidence": 80}]
2026-05-04 00:09:26.000	4D8710D5CABB	monitor	track	[{"pose": 4, "area_id": 2, "track_id": 0, "bed_status": 0, "position_x": 0, "position_y": -60, "position_z": 0, "remaining_time": 0, "track_confidence": 80}]
2026-05-04 00:09:27.000	4D8710D5CABB	monitor	track	[{"pose": 4, "area_id": 2, "track_id": 0, "bed_status": 0, "position_x": 0, "position_y": -60, "position_z": 0, "remaining_time": 0, "track_confidence": 80}]
2026-05-04 00:09:28.000	4D8710D5CABB	monitor	track	[{"pose": 4, "area_id": 2, "track_id": 0, "bed_status": 0, "position_x": 0, "position_y": -60, "position_z": 0, "remaining_time": 0, "track_confidence": 80}]
2026-05-04 00:09:29.000	4D8710D5CABB	monitor	track	[{"pose": 4, "area_id": 2, "track_id": 0, "bed_status": 0, "position_x": 0, "position_y": -60, "position_z": 0, "remaining_time": 0, "track_confidence": 80}]
2026-05-04 00:09:30.000	4D8710D5CABB	monitor	track	[{"pose": 4, "area_id": 2, "track_id": 0, "bed_status": 0, "position_x": 0, "position_y": -60, "position_z": 0, "remaining_time": 0, "track_confidence": 80}]
2026-05-04 00:09:31.000	4D8710D5CABB	monitor	track	[{"pose": 4, "area_id": 2, "track_id": 0, "bed_status": 0, "position_x": 0, "position_y": -60, "position_z": 0, "remaining_time": 0, "track_confidence": 80}]
2026-05-04 00:09:32.000	4D8710D5CABB	monitor	track	[{"pose": 4, "area_id": 2, "track_id": 0, "bed_status": 0, "position_x": 0, "position_y": -60, "position_z": 0, "remaining_time": 0, "track_confidence": 80}]
2026-05-04 00:09:33.000	4D8710D5CABB	monitor	track	[{"pose": 4, "area_id": 2, "track_id": 0, "bed_status": 0, "position_x": 0, "position_y": -60, "position_z": 0, "remaining_time": 0, "track_confidence": 80}]
2026-05-04 00:09:34.000	4D8710D5CABB	monitor	track	[{"pose": 4, "area_id": 2, "track_id": 0, "bed_status": 0, "position_x": 0, "position_y": -60, "position_z": 0, "remaining_time": 0, "track_confidence": 80}]
2026-05-04 00:09:35.000	4D8710D5CABB	monitor	track	[{"pose": 4, "area_id": 2, "track_id": 0, "bed_status": 0, "position_x": 0, "position_y": -60, "position_z": 0, "remaining_time": 0, "track_confidence": 80}]
2026-05-04 00:09:36.000	4D8710D5CABB	monitor	track	[{"pose": 4, "area_id": 2, "track_id": 0, "bed_status": 0, "position_x": 0, "position_y": -60, "position_z": 0, "remaining_time": 0, "track_confidence": 80}]
2026-05-04 00:09:37.000	4D8710D5CABB	monitor	track	[{"pose": 4, "area_id": 2, "track_id": 0, "bed_status": 0, "position_x": 0, "position_y": -60, "position_z": 0, "remaining_time": 0, "track_confidence": 80}]
2026-05-04 00:09:38.000	4D8710D5CABB	monitor	track	[{"pose": 4, "area_id": 2, "track_id": 0, "bed_status": 0, "position_x": 0, "position_y": -60, "position_z": 0, "remaining_time": 0, "track_confidence": 80}]
2026-05-04 00:09:39.000	4D8710D5CABB	monitor	track	[{"pose": 4, "area_id": 2, "track_id": 0, "bed_status": 0, "position_x": 0, "position_y": -60, "position_z": 0, "remaining_time": 0, "track_confidence": 80}]
2026-05-04 00:09:40.000	4D8710D5CABB	monitor	track	[{"pose": 4, "area_id": 2, "track_id": 0, "bed_status": 0, "position_x": 0, "position_y": -60, "position_z": 0, "remaining_time": 0, "track_confidence": 80}]
2026-05-04 00:09:41.000	4D8710D5CABB	monitor	track	[{"pose": 4, "area_id": 2, "track_id": 0, "bed_status": 0, "position_x": 0, "position_y": -60, "position_z": 0, "remaining_time": 0, "track_confidence": 80}]
2026-05-04 00:09:42.000	4D8710D5CABB	monitor	track	[{"pose": 4, "area_id": 2, "track_id": 0, "bed_status": 0, "position_x": 0, "position_y": -60, "position_z": 0, "remaining_time": 0, "track_confidence": 80}]
2026-05-04 00:09:43.000	4D8710D5CABB	monitor	track	[{"pose": 4, "area_id": 2, "track_id": 0, "bed_status": 0, "position_x": 0, "position_y": -60, "position_z": 0, "remaining_time": 0, "track_confidence": 80}]
2026-05-04 00:09:44.000	4D8710D5CABB	monitor	track	[{"pose": 4, "area_id": 2, "track_id": 0, "bed_status": 0, "position_x": 0, "position_y": -60, "position_z": 0, "remaining_time": 0, "track_confidence": 80}]
2026-05-04 00:09:45.000	4D8710D5CABB	monitor	track	[{"pose": 4, "area_id": 2, "track_id": 0, "bed_status": 0, "position_x": 0, "position_y": -60, "position_z": 0, "remaining_time": 0, "track_confidence": 80}]
2026-05-04 00:09:46.000	4D8710D5CABB	monitor	track	[{"pose": 4, "area_id": 2, "track_id": 0, "bed_status": 0, "position_x": 0, "position_y": -60, "position_z": 0, "remaining_time": 0, "track_confidence": 80}]
2026-05-04 00:09:47.000	4D8710D5CABB	monitor	track	[{"pose": 4, "area_id": 2, "track_id": 0, "bed_status": 0, "position_x": 0, "position_y": -60, "position_z": 0, "remaining_time": 0, "track_confidence": 80}]
2026-05-04 00:09:48.000	4D8710D5CABB	monitor	track	[{"pose": 4, "area_id": 2, "track_id": 0, "bed_status": 0, "position_x": 0, "position_y": -60, "position_z": 0, "remaining_time": 0, "track_confidence": 80}]
2026-05-04 00:09:49.000	4D8710D5CABB	monitor	track	[{"pose": 4, "area_id": 2, "track_id": 0, "bed_status": 0, "position_x": 0, "position_y": -60, "position_z": 0, "remaining_time": 0, "track_confidence": 80}]
2026-05-04 00:09:50.000	4D8710D5CABB	monitor	track	[{"pose": 4, "area_id": 2, "track_id": 0, "bed_status": 0, "position_x": 0, "position_y": -60, "position_z": 0, "remaining_time": 0, "track_confidence": 80}]
2026-05-04 00:09:51.000	4D8710D5CABB	monitor	track	[{"pose": 4, "area_id": 2, "track_id": 0, "bed_status": 0, "position_x": 0, "position_y": -60, "position_z": 0, "remaining_time": 0, "track_confidence": 80}]
2026-05-04 00:09:52.000	4D8710D5CABB	monitor	track	[{"pose": 4, "area_id": 2, "track_id": 0, "bed_status": 0, "position_x": 0, "position_y": -60, "position_z": 0, "remaining_time": 0, "track_confidence": 80}]
2026-05-04 00:09:53.000	4D8710D5CABB	monitor	track	[{"pose": 4, "area_id": 2, "track_id": 0, "bed_status": 0, "position_x": 0, "position_y": -60, "position_z": 0, "remaining_time": 0, "track_confidence": 80}]
2026-05-04 00:09:54.000	4D8710D5CABB	monitor	track	[{"pose": 4, "area_id": 2, "track_id": 0, "bed_status": 0, "position_x": 0, "position_y": -60, "position_z": 0, "remaining_time": 0, "track_confidence": 80}]
2026-05-04 00:09:55.000	4D8710D5CABB	monitor	track	[{"pose": 4, "area_id": 2, "track_id": 0, "bed_status": 0, "position_x": 0, "position_y": -60, "position_z": 0, "remaining_time": 0, "track_confidence": 80}]
2026-05-04 00:09:56.000	4D8710D5CABB	event	activity	[{"track_id": 9, "event_since": 1777874996750, "track_count": 1, "event_status": "instant", "lie_duration": 0, "walk_distance": 0, "walk_duration": 0, "stand_duration": 60, "multi_person_duration": 0}]
2026-05-04 00:09:56.000	4D8710D5CABB	monitor	heart	[{"track_id": 11, "track_confidence": 80}]
2026-05-04 00:09:57.000	4D8710D5CABB	monitor	track	[{"pose": 4, "area_id": 2, "track_id": 0, "bed_status": 0, "position_x": 0, "position_y": -60, "position_z": 0, "remaining_time": 0, "track_confidence": 80}]
2026-05-04 00:09:57.000	4D8710D5CABB	monitor	track	[{"pose": 4, "area_id": 2, "track_id": 0, "bed_status": 0, "position_x": 0, "position_y": -60, "position_z": 0, "remaining_time": 0, "track_confidence": 80}]
2026-05-04 00:09:58.000	4D8710D5CABB	monitor	track	[{"pose": 4, "area_id": 2, "track_id": 0, "bed_status": 0, "position_x": 0, "position_y": -60, "position_z": 0, "remaining_time": 0, "track_confidence": 80}]
2026-05-04 00:09:59.000	4D8710D5CABB	monitor	track	[{"pose": 4, "area_id": 2, "track_id": 0, "bed_status": 0, "position_x": 0, "position_y": -60, "position_z": 0, "remaining_time": 0, "track_confidence": 80}]
2026-05-04 00:10:00.000	4D8710D5CABB	monitor	track	[{"pose": 4, "area_id": 2, "track_id": 0, "bed_status": 0, "position_x": 0, "position_y": -60, "position_z": 0, "remaining_time": 0, "track_confidence": 80}]
2026-05-04 00:10:01.000	4D8710D5CABB	monitor	track	[{"pose": 4, "area_id": 2, "track_id": 0, "bed_status": 0, "position_x": 0, "position_y": -60, "position_z": 0, "remaining_time": 0, "track_confidence": 80}]
2026-05-04 00:10:02.000	4D8710D5CABB	monitor	track	[{"pose": 4, "area_id": 2, "track_id": 0, "bed_status": 0, "position_x": 0, "position_y": -60, "position_z": 0, "remaining_time": 0, "track_confidence": 80}]
2026-05-04 00:10:03.000	4D8710D5CABB	monitor	track	[{"pose": 4, "area_id": 2, "track_id": 0, "bed_status": 0, "position_x": 0, "position_y": -60, "position_z": 0, "remaining_time": 0, "track_confidence": 80}]
2026-05-04 00:10:04.000	4D8710D5CABB	monitor	track	[{"pose": 4, "area_id": 2, "track_id": 0, "bed_status": 0, "position_x": 0, "position_y": -60, "position_z": 0, "remaining_time": 0, "track_confidence": 80}]
2026-05-04 00:10:05.000	4D8710D5CABB	monitor	track	[{"pose": 4, "area_id": 2, "track_id": 0, "bed_status": 0, "position_x": 0, "position_y": -60, "position_z": 0, "remaining_time": 0, "track_confidence": 80}]
2026-05-04 00:10:06.000	4D8710D5CABB	monitor	track	[{"pose": 4, "area_id": 2, "track_id": 0, "bed_status": 0, "position_x": 0, "position_y": -60, "position_z": 0, "remaining_time": 0, "track_confidence": 80}]
2026-05-04 00:10:07.000	4D8710D5CABB	monitor	track	[{"pose": 4, "area_id": 2, "track_id": 0, "bed_status": 0, "position_x": 0, "position_y": -60, "position_z": 0, "remaining_time": 0, "track_confidence": 80}]
2026-05-04 00:10:08.000	4D8710D5CABB	monitor	track	[{"pose": 4, "area_id": 2, "track_id": 0, "bed_status": 0, "position_x": 0, "position_y": -60, "position_z": 0, "remaining_time": 0, "track_confidence": 80}]
2026-05-04 00:10:09.000	4D8710D5CABB	monitor	track	[{"pose": 4, "area_id": 2, "track_id": 0, "bed_status": 0, "position_x": 0, "position_y": -60, "position_z": 0, "remaining_time": 0, "track_confidence": 80}]
2026-05-04 00:10:10.000	4D8710D5CABB	monitor	track	[{"pose": 4, "area_id": 2, "track_id": 0, "bed_status": 0, "position_x": 0, "position_y": -60, "position_z": 0, "remaining_time": 0, "track_confidence": 80}]
2026-05-04 00:10:11.000	4D8710D5CABB	monitor	track	[{"pose": 4, "area_id": 2, "track_id": 0, "bed_status": 0, "position_x": 0, "position_y": -60, "position_z": 0, "remaining_time": 0, "track_confidence": 80}]
2026-05-04 00:10:12.000	4D8710D5CABB	monitor	track	[{"pose": 4, "area_id": 2, "track_id": 0, "bed_status": 0, "position_x": 0, "position_y": -60, "position_z": 0, "remaining_time": 0, "track_confidence": 80}]
2026-05-04 00:10:13.000	4D8710D5CABB	monitor	track	[{"pose": 4, "area_id": 2, "track_id": 0, "bed_status": 0, "position_x": 0, "position_y": -60, "position_z": 0, "remaining_time": 0, "track_confidence": 80}]
2026-05-04 00:10:14.000	4D8710D5CABB	monitor	track	[{"pose": 4, "area_id": 2, "track_id": 0, "bed_status": 0, "position_x": 0, "position_y": -60, "position_z": 0, "remaining_time": 0, "track_confidence": 80}]
2026-05-04 00:10:15.000	4D8710D5CABB	monitor	track	[{"pose": 4, "area_id": 2, "track_id": 0, "bed_status": 0, "position_x": 0, "position_y": -60, "position_z": 0, "remaining_time": 0, "track_confidence": 80}]
2026-05-04 00:10:16.000	4D8710D5CABB	monitor	track	[{"pose": 4, "area_id": 2, "track_id": 0, "bed_status": 0, "position_x": 0, "position_y": -60, "position_z": 0, "remaining_time": 0, "track_confidence": 80}]
2026-05-04 00:10:17.000	4D8710D5CABB	monitor	track	[{"pose": 4, "area_id": 2, "track_id": 0, "bed_status": 0, "position_x": 0, "position_y": -60, "position_z": 0, "remaining_time": 0, "track_confidence": 80}]
2026-05-04 00:10:18.000	4D8710D5CABB	monitor	track	[{"pose": 4, "area_id": 2, "track_id": 0, "bed_status": 0, "position_x": 0, "position_y": -60, "position_z": 0, "remaining_time": 0, "track_confidence": 80}]
2026-05-04 00:10:19.000	4D8710D5CABB	monitor	track	[{"pose": 4, "area_id": 2, "track_id": 0, "bed_status": 0, "position_x": 0, "position_y": -60, "position_z": 0, "remaining_time": 0, "track_confidence": 80}]
2026-05-04 00:10:20.000	4D8710D5CABB	monitor	track	[{"pose": 4, "area_id": 2, "track_id": 0, "bed_status": 0, "position_x": 0, "position_y": -60, "position_z": 0, "remaining_time": 0, "track_confidence": 80}]
2026-05-04 00:10:21.000	4D8710D5CABB	monitor	track	[{"pose": 4, "area_id": 2, "track_id": 0, "bed_status": 0, "position_x": 0, "position_y": -60, "position_z": 0, "remaining_time": 0, "track_confidence": 80}]
2026-05-04 00:10:22.000	4D8710D5CABB	monitor	track	[{"pose": 4, "area_id": 2, "track_id": 0, "bed_status": 0, "position_x": 0, "position_y": -60, "position_z": 0, "remaining_time": 0, "track_confidence": 80}]
2026-05-04 00:10:23.000	4D8710D5CABB	monitor	track	[{"pose": 4, "area_id": 2, "track_id": 0, "bed_status": 0, "position_x": 0, "position_y": -60, "position_z": 0, "remaining_time": 0, "track_confidence": 80}]
2026-05-04 00:10:24.000	4D8710D5CABB	monitor	track	[{"pose": 4, "area_id": 2, "track_id": 0, "bed_status": 0, "position_x": 0, "position_y": -60, "position_z": 0, "remaining_time": 0, "track_confidence": 80}]
2026-05-04 00:10:25.000	4D8710D5CABB	monitor	track	[{"pose": 4, "area_id": 2, "track_id": 0, "bed_status": 0, "position_x": 0, "position_y": -60, "position_z": 0, "remaining_time": 0, "track_confidence": 80}]
2026-05-04 00:10:26.000	4D8710D5CABB	monitor	track	[{"pose": 4, "area_id": 2, "track_id": 0, "bed_status": 0, "position_x": 0, "position_y": -60, "position_z": 0, "remaining_time": 0, "track_confidence": 80}]
2026-05-04 00:10:27.000	4D8710D5CABB	monitor	track	[{"pose": 4, "area_id": 2, "track_id": 0, "bed_status": 0, "position_x": 0, "position_y": -60, "position_z": 0, "remaining_time": 0, "track_confidence": 80}]
2026-05-04 00:10:28.000	4D8710D5CABB	monitor	track	[{"pose": 4, "area_id": 2, "track_id": 0, "bed_status": 0, "position_x": 0, "position_y": -60, "position_z": 0, "remaining_time": 0, "track_confidence": 80}]
2026-05-04 00:10:29.000	4D8710D5CABB	monitor	track	[{"pose": 4, "area_id": 2, "track_id": 0, "bed_status": 0, "position_x": 0, "position_y": -60, "position_z": 0, "remaining_time": 0, "track_confidence": 80}]
2026-05-04 00:10:30.000	4D8710D5CABB	monitor	track	[{"pose": 4, "area_id": 2, "track_id": 0, "bed_status": 0, "position_x": 0, "position_y": -60, "position_z": 0, "remaining_time": 0, "track_confidence": 80}]
2026-05-04 00:10:31.000	4D8710D5CABB	monitor	track	[{"pose": 4, "area_id": 2, "track_id": 0, "bed_status": 0, "position_x": 0, "position_y": -60, "position_z": 0, "remaining_time": 0, "track_confidence": 80}]
2026-05-04 00:10:32.000	4D8710D5CABB	monitor	track	[{"pose": 4, "area_id": 2, "track_id": 0, "bed_status": 0, "position_x": 0, "position_y": -60, "position_z": 0, "remaining_time": 0, "track_confidence": 80}]
2026-05-04 00:10:33.000	4D8710D5CABB	monitor	track	[{"pose": 4, "area_id": 2, "track_id": 0, "bed_status": 0, "position_x": 0, "position_y": -60, "position_z": 0, "remaining_time": 0, "track_confidence": 80}]
2026-05-04 00:10:34.000	4D8710D5CABB	monitor	track	[{"pose": 4, "area_id": 2, "track_id": 0, "bed_status": 0, "position_x": 0, "position_y": -60, "position_z": 0, "remaining_time": 0, "track_confidence": 80}]
2026-05-04 00:10:35.000	4D8710D5CABB	monitor	track	[{"pose": 4, "area_id": 2, "track_id": 0, "bed_status": 0, "position_x": 0, "position_y": -60, "position_z": 0, "remaining_time": 0, "track_confidence": 80}]
2026-05-04 00:10:36.000	4D8710D5CABB	monitor	track	[{"pose": 4, "area_id": 2, "track_id": 0, "bed_status": 0, "position_x": 0, "position_y": -60, "position_z": 0, "remaining_time": 0, "track_confidence": 80}]
2026-05-04 00:10:37.000	4D8710D5CABB	monitor	track	[{"pose": 4, "area_id": 2, "track_id": 0, "bed_status": 0, "position_x": 0, "position_y": -60, "position_z": 0, "remaining_time": 0, "track_confidence": 80}]
2026-05-04 00:10:38.000	4D8710D5CABB	monitor	track	[{"pose": 4, "area_id": 2, "track_id": 0, "bed_status": 0, "position_x": 0, "position_y": -60, "position_z": 0, "remaining_time": 0, "track_confidence": 80}]
2026-05-04 00:10:39.000	4D8710D5CABB	monitor	track	[{"pose": 4, "area_id": 2, "track_id": 0, "bed_status": 0, "position_x": 0, "position_y": -60, "position_z": 0, "remaining_time": 0, "track_confidence": 80}]
2026-05-04 00:10:40.000	4D8710D5CABB	monitor	track	[{"pose": 4, "area_id": 2, "track_id": 0, "bed_status": 0, "position_x": 0, "position_y": -60, "position_z": 0, "remaining_time": 0, "track_confidence": 80}]
2026-05-04 00:10:41.000	4D8710D5CABB	monitor	track	[{"pose": 4, "area_id": 2, "track_id": 0, "bed_status": 0, "position_x": 0, "position_y": -60, "position_z": 0, "remaining_time": 0, "track_confidence": 80}]
2026-05-04 00:10:42.000	4D8710D5CABB	monitor	track	[{"pose": 4, "area_id": 2, "track_id": 0, "bed_status": 0, "position_x": 0, "position_y": -60, "position_z": 0, "remaining_time": 0, "track_confidence": 80}]
2026-05-04 00:10:43.000	4D8710D5CABB	monitor	track	[{"pose": 4, "area_id": 2, "track_id": 0, "bed_status": 0, "position_x": 0, "position_y": -60, "position_z": 0, "remaining_time": 0, "track_confidence": 80}]
2026-05-04 00:10:44.000	4D8710D5CABB	monitor	track	[{"pose": 4, "area_id": 2, "track_id": 0, "bed_status": 0, "position_x": 0, "position_y": -60, "position_z": 0, "remaining_time": 0, "track_confidence": 80}]
2026-05-04 00:10:45.000	4D8710D5CABB	monitor	track	[{"pose": 4, "area_id": 2, "track_id": 0, "bed_status": 0, "position_x": 0, "position_y": -60, "position_z": 0, "remaining_time": 0, "track_confidence": 80}]
2026-05-04 00:10:46.000	4D8710D5CABB	monitor	track	[{"pose": 4, "area_id": 2, "track_id": 0, "bed_status": 0, "position_x": 0, "position_y": -60, "position_z": 0, "remaining_time": 0, "track_confidence": 80}]
2026-05-04 00:10:47.000	4D8710D5CABB	monitor	track	[{"pose": 4, "area_id": 2, "track_id": 0, "bed_status": 0, "position_x": 0, "position_y": -60, "position_z": 0, "remaining_time": 0, "track_confidence": 80}]
2026-05-04 00:10:48.000	4D8710D5CABB	monitor	track	[{"pose": 4, "area_id": 2, "track_id": 0, "bed_status": 0, "position_x": 0, "position_y": -60, "position_z": 0, "remaining_time": 0, "track_confidence": 80}]
2026-05-04 00:10:49.000	4D8710D5CABB	monitor	track	[{"pose": 4, "area_id": 2, "track_id": 0, "bed_status": 0, "position_x": 0, "position_y": -60, "position_z": 0, "remaining_time": 0, "track_confidence": 80}]
2026-05-04 00:10:50.000	4D8710D5CABB	monitor	track	[{"pose": 4, "area_id": 2, "track_id": 0, "bed_status": 0, "position_x": 0, "position_y": -60, "position_z": 0, "remaining_time": 0, "track_confidence": 80}]
2026-05-04 00:10:51.000	4D8710D5CABB	monitor	track	[{"pose": 4, "area_id": 2, "track_id": 0, "bed_status": 0, "position_x": 0, "position_y": -60, "position_z": 0, "remaining_time": 0, "track_confidence": 80}]
2026-05-04 00:10:52.000	4D8710D5CABB	monitor	track	[{"pose": 4, "area_id": 2, "track_id": 0, "bed_status": 0, "position_x": 0, "position_y": -60, "position_z": 0, "remaining_time": 0, "track_confidence": 80}]
2026-05-04 00:10:53.000	4D8710D5CABB	monitor	track	[{"pose": 4, "area_id": 2, "track_id": 0, "bed_status": 0, "position_x": 0, "position_y": -60, "position_z": 0, "remaining_time": 0, "track_confidence": 80}]
2026-05-04 00:10:54.000	4D8710D5CABB	monitor	track	[{"pose": 4, "area_id": 2, "track_id": 0, "bed_status": 0, "position_x": 0, "position_y": -60, "position_z": 0, "remaining_time": 0, "track_confidence": 80}]
2026-05-04 00:10:55.000	4D8710D5CABB	monitor	track	[{"pose": 4, "area_id": 2, "track_id": 0, "bed_status": 0, "position_x": 0, "position_y": -60, "position_z": 0, "remaining_time": 0, "track_confidence": 80}]
2026-05-04 00:10:56.000	4D8710D5CABB	monitor	heart	[{"track_id": 11, "track_confidence": 80}]
2026-05-04 00:10:56.000	4D8710D5CABB	event	activity	[{"track_id": 9, "event_since": 1777875056261, "track_count": 1, "event_status": "instant", "lie_duration": 0, "walk_distance": 0, "walk_duration": 0, "stand_duration": 60, "multi_person_duration": 0}]
2026-05-04 00:10:56.000	4D8710D5CABB	monitor	track	[{"pose": 4, "area_id": 2, "track_id": 0, "bed_status": 0, "position_x": 0, "position_y": -60, "position_z": 0, "remaining_time": 0, "track_confidence": 80}]
2026-05-04 00:10:57.000	4D8710D5CABB	event	number_people	[{"track_id": 10, "event_since": 1777875057266, "event_status": "start", "number_people": 0}]
2026-05-04 00:10:57.000	4D8710D5CABB	monitor	track	[{"area_id": 0, "track_id": 88, "bed_status": 0, "position_x": 0, "position_y": 0, "position_z": 0, "remaining_time": 0, "track_confidence": 80}]
2026-05-04 00:10:58.000	4D8710D5CABB	monitor	track	[{"area_id": 0, "track_id": 88, "bed_status": 0, "position_x": 0, "position_y": 0, "position_z": 0, "remaining_time": 0, "track_confidence": 80}]
2026-05-04 00:10:59.000	4D8710D5CABB	monitor	track	[{"area_id": 0, "track_id": 88, "bed_status": 0, "position_x": 0, "position_y": 0, "position_z": 0, "remaining_time": 0, "track_confidence": 80}]
2026-05-04 00:11:02.000	4D8710D5CABB	monitor	track	[{"area_id": 0, "track_id": 88, "bed_status": 0, "position_x": 0, "position_y": 0, "position_z": 0, "remaining_time": 0, "track_confidence": 80}]
2026-05-04 00:11:33.000	4D8710D5CABB	monitor	track	[{"area_id": 0, "track_id": 88, "bed_status": 0, "position_x": 0, "position_y": 0, "position_z": 0, "remaining_time": 0, "track_confidence": 80}]
2026-05-04 00:11:37.000	4D8710D5CABB	event	number_people	[{"track_id": 10, "event_since": 1777875097900, "event_status": "start", "number_people": 1}]
2026-05-04 00:11:38.000	4D8710D5CABB	monitor	track	[{"pose": 4, "area_id": 255, "track_id": 0, "bed_status": 0, "position_x": -40, "position_y": -10, "position_z": 103, "remaining_time": 0, "track_confidence": 80}]
2026-05-04 00:11:38.000	4D8710D5CABB	monitor	track	[{"pose": 4, "area_id": 255, "track_id": 0, "bed_status": 0, "position_x": -60, "position_y": 10, "position_z": 0, "remaining_time": 0, "track_confidence": 80}]
2026-05-04 00:11:39.000	4D8710D5CABB	monitor	track	[{"pose": 4, "area_id": 255, "track_id": 0, "bed_status": 0, "position_x": -50, "position_y": 0, "position_z": 0, "remaining_time": 0, "track_confidence": 80}]
2026-05-04 00:11:40.000	4D8710D5CABB	monitor	track	[{"pose": 4, "area_id": 255, "track_id": 0, "bed_status": 0, "position_x": -50, "position_y": 0, "position_z": 0, "remaining_time": 0, "track_confidence": 80}]
2026-05-04 00:11:41.000	4D8710D5CABB	monitor	track	[{"pose": 4, "area_id": 255, "track_id": 0, "bed_status": 0, "position_x": -50, "position_y": 0, "position_z": 0, "remaining_time": 0, "track_confidence": 80}]
2026-05-04 00:11:42.000	4D8710D5CABB	monitor	track	[{"pose": 4, "area_id": 255, "track_id": 0, "bed_status": 0, "position_x": -50, "position_y": 0, "position_z": 0, "remaining_time": 0, "track_confidence": 80}]
2026-05-04 00:11:43.000	4D8710D5CABB	monitor	track	[{"pose": 4, "area_id": 255, "track_id": 0, "bed_status": 0, "position_x": -50, "position_y": 0, "position_z": 0, "remaining_time": 0, "track_confidence": 80}]
2026-05-04 00:11:44.000	4D8710D5CABB	monitor	track	[{"pose": 4, "area_id": 255, "track_id": 0, "bed_status": 0, "position_x": -50, "position_y": 0, "position_z": 0, "remaining_time": 0, "track_confidence": 80}]
2026-05-04 00:11:45.000	4D8710D5CABB	monitor	track	[{"pose": 4, "area_id": 255, "track_id": 0, "bed_status": 0, "position_x": -50, "position_y": 0, "position_z": 0, "remaining_time": 0, "track_confidence": 80}]
2026-05-04 00:11:46.000	4D8710D5CABB	monitor	track	[{"pose": 4, "area_id": 255, "track_id": 0, "bed_status": 0, "position_x": -50, "position_y": 0, "position_z": 0, "remaining_time": 0, "track_confidence": 80}]
2026-05-04 00:11:47.000	4D8710D5CABB	monitor	track	[{"pose": 4, "area_id": 255, "track_id": 0, "bed_status": 0, "position_x": -50, "position_y": 0, "position_z": 0, "remaining_time": 0, "track_confidence": 80}]
2026-05-04 00:11:48.000	4D8710D5CABB	monitor	track	[{"pose": 4, "area_id": 255, "track_id": 0, "bed_status": 0, "position_x": -50, "position_y": 0, "position_z": 0, "remaining_time": 0, "track_confidence": 80}]
2026-05-04 00:11:49.000	4D8710D5CABB	monitor	track	[{"pose": 4, "area_id": 255, "track_id": 0, "bed_status": 0, "position_x": -50, "position_y": 0, "position_z": 0, "remaining_time": 0, "track_confidence": 80}]
2026-05-04 00:11:50.000	4D8710D5CABB	monitor	track	[{"pose": 4, "area_id": 255, "track_id": 0, "bed_status": 0, "position_x": -50, "position_y": 0, "position_z": 0, "remaining_time": 0, "track_confidence": 80}]
2026-05-04 00:11:51.000	4D8710D5CABB	monitor	track	[{"pose": 4, "area_id": 255, "track_id": 0, "bed_status": 0, "position_x": -50, "position_y": 0, "position_z": 0, "remaining_time": 0, "track_confidence": 80}]
2026-05-04 00:11:52.000	4D8710D5CABB	monitor	track	[{"pose": 4, "area_id": 255, "track_id": 0, "bed_status": 0, "position_x": -50, "position_y": 0, "position_z": 0, "remaining_time": 0, "track_confidence": 80}]
2026-05-04 00:11:53.000	4D8710D5CABB	monitor	track	[{"pose": 4, "area_id": 255, "track_id": 0, "bed_status": 0, "position_x": -50, "position_y": 0, "position_z": 0, "remaining_time": 0, "track_confidence": 80}]
2026-05-04 00:11:54.000	4D8710D5CABB	monitor	track	[{"pose": 4, "area_id": 255, "track_id": 0, "bed_status": 0, "position_x": -50, "position_y": 0, "position_z": 0, "remaining_time": 0, "track_confidence": 80}]
2026-05-04 00:11:55.000	4D8710D5CABB	monitor	track	[{"pose": 4, "area_id": 255, "track_id": 0, "bed_status": 0, "position_x": -50, "position_y": 0, "position_z": 0, "remaining_time": 0, "track_confidence": 80}]
2026-05-04 00:11:56.000	4D8710D5CABB	monitor	heart	[{"track_id": 11, "track_confidence": 80}]
2026-05-04 00:11:56.000	4D8710D5CABB	event	activity	[{"track_id": 9, "event_since": 1777875116720, "track_count": 1, "event_status": "instant", "lie_duration": 0, "walk_distance": 0, "walk_duration": 0, "stand_duration": 19, "multi_person_duration": 0}]
2026-05-04 00:11:56.000	4D8710D5CABB	monitor	track	[{"pose": 4, "area_id": 255, "track_id": 0, "bed_status": 0, "position_x": -50, "position_y": 0, "position_z": 0, "remaining_time": 0, "track_confidence": 80}]
2026-05-04 00:11:57.000	4D8710D5CABB	monitor	track	[{"pose": 4, "area_id": 255, "track_id": 0, "bed_status": 0, "position_x": -50, "position_y": 0, "position_z": 0, "remaining_time": 0, "track_confidence": 80}]
2026-05-04 00:11:58.000	4D8710D5CABB	monitor	track	[{"pose": 4, "area_id": 255, "track_id": 0, "bed_status": 0, "position_x": -50, "position_y": 0, "position_z": 0, "remaining_time": 0, "track_confidence": 80}]
2026-05-04 00:11:59.000	4D8710D5CABB	monitor	track	[{"pose": 4, "area_id": 255, "track_id": 0, "bed_status": 0, "position_x": -50, "position_y": 0, "position_z": 0, "remaining_time": 0, "track_confidence": 80}]
2026-05-04 00:12:00.000	4D8710D5CABB	monitor	track	[{"pose": 4, "area_id": 255, "track_id": 0, "bed_status": 0, "position_x": -50, "position_y": 0, "position_z": 0, "remaining_time": 0, "track_confidence": 80}]
2026-05-04 00:12:01.000	4D8710D5CABB	monitor	track	[{"pose": 4, "area_id": 255, "track_id": 0, "bed_status": 0, "position_x": -50, "position_y": 0, "position_z": 0, "remaining_time": 0, "track_confidence": 80}]
2026-05-04 00:12:02.000	4D8710D5CABB	monitor	track	[{"pose": 4, "area_id": 255, "track_id": 0, "bed_status": 0, "position_x": -50, "position_y": 0, "position_z": 0, "remaining_time": 0, "track_confidence": 80}]
2026-05-04 00:12:03.000	4D8710D5CABB	monitor	track	[{"pose": 4, "area_id": 255, "track_id": 0, "bed_status": 0, "position_x": -50, "position_y": 0, "position_z": 0, "remaining_time": 0, "track_confidence": 80}]
2026-05-04 00:12:04.000	4D8710D5CABB	monitor	track	[{"pose": 4, "area_id": 255, "track_id": 0, "bed_status": 0, "position_x": -50, "position_y": 0, "position_z": 0, "remaining_time": 0, "track_confidence": 80}]
2026-05-04 00:12:05.000	4D8710D5CABB	monitor	track	[{"pose": 4, "area_id": 255, "track_id": 0, "bed_status": 0, "position_x": -50, "position_y": 0, "position_z": 0, "remaining_time": 0, "track_confidence": 80}]
2026-05-04 00:12:06.000	4D8710D5CABB	monitor	track	[{"pose": 4, "area_id": 255, "track_id": 0, "bed_status": 0, "position_x": -50, "position_y": 0, "position_z": 0, "remaining_time": 0, "track_confidence": 80}]
2026-05-04 00:12:07.000	4D8710D5CABB	monitor	track	[{"pose": 4, "area_id": 255, "track_id": 0, "bed_status": 0, "position_x": -50, "position_y": 0, "position_z": 0, "remaining_time": 0, "track_confidence": 80}]
2026-05-04 00:12:08.000	4D8710D5CABB	monitor	track	[{"pose": 4, "area_id": 255, "track_id": 0, "bed_status": 0, "position_x": -50, "position_y": 0, "position_z": 0, "remaining_time": 0, "track_confidence": 80}]
2026-05-04 00:12:09.000	4D8710D5CABB	monitor	track	[{"pose": 4, "area_id": 255, "track_id": 0, "bed_status": 0, "position_x": -50, "position_y": 0, "position_z": 0, "remaining_time": 0, "track_confidence": 80}]
2026-05-04 00:12:10.000	4D8710D5CABB	monitor	track	[{"pose": 4, "area_id": 255, "track_id": 0, "bed_status": 0, "position_x": -50, "position_y": 0, "position_z": 0, "remaining_time": 0, "track_confidence": 80}]
2026-05-04 00:12:11.000	4D8710D5CABB	monitor	track	[{"pose": 4, "area_id": 255, "track_id": 0, "bed_status": 0, "position_x": -50, "position_y": 0, "position_z": 0, "remaining_time": 0, "track_confidence": 80}]
2026-05-04 00:12:12.000	4D8710D5CABB	monitor	track	[{"pose": 4, "area_id": 255, "track_id": 0, "bed_status": 0, "position_x": -50, "position_y": 0, "position_z": 0, "remaining_time": 0, "track_confidence": 80}]
2026-05-04 00:12:13.000	4D8710D5CABB	monitor	track	[{"pose": 4, "area_id": 255, "track_id": 0, "bed_status": 0, "position_x": -50, "position_y": 0, "position_z": 0, "remaining_time": 0, "track_confidence": 80}]
2026-05-04 00:12:14.000	4D8710D5CABB	monitor	track	[{"pose": 4, "area_id": 255, "track_id": 0, "bed_status": 0, "position_x": -50, "position_y": 0, "position_z": 0, "remaining_time": 0, "track_confidence": 80}]
2026-05-04 00:12:15.000	4D8710D5CABB	monitor	track	[{"pose": 4, "area_id": 255, "track_id": 0, "bed_status": 0, "position_x": -50, "position_y": 0, "position_z": 0, "remaining_time": 0, "track_confidence": 80}]
2026-05-04 00:12:16.000	4D8710D5CABB	monitor	track	[{"pose": 4, "area_id": 255, "track_id": 0, "bed_status": 0, "position_x": -50, "position_y": 0, "position_z": 0, "remaining_time": 0, "track_confidence": 80}]
2026-05-04 00:12:17.000	4D8710D5CABB	monitor	track	[{"pose": 4, "area_id": 255, "track_id": 0, "bed_status": 0, "position_x": -50, "position_y": 0, "position_z": 0, "remaining_time": 0, "track_confidence": 80}]
2026-05-04 00:12:18.000	4D8710D5CABB	monitor	track	[{"pose": 4, "area_id": 255, "track_id": 0, "bed_status": 0, "position_x": -50, "position_y": 0, "position_z": 0, "remaining_time": 0, "track_confidence": 80}]
2026-05-04 00:12:19.000	4D8710D5CABB	monitor	track	[{"pose": 4, "area_id": 255, "track_id": 0, "bed_status": 0, "position_x": -50, "position_y": 0, "position_z": 0, "remaining_time": 0, "track_confidence": 80}]
2026-05-04 00:12:20.000	4D8710D5CABB	monitor	track	[{"pose": 4, "area_id": 255, "track_id": 0, "bed_status": 0, "position_x": -50, "position_y": 0, "position_z": 0, "remaining_time": 0, "track_confidence": 80}]
2026-05-04 00:12:21.000	4D8710D5CABB	monitor	track	[{"pose": 4, "area_id": 255, "track_id": 0, "bed_status": 0, "position_x": -50, "position_y": 0, "position_z": 0, "remaining_time": 0, "track_confidence": 80}]
2026-05-04 00:12:22.000	4D8710D5CABB	monitor	track	[{"pose": 4, "area_id": 255, "track_id": 0, "bed_status": 0, "position_x": -50, "position_y": 0, "position_z": 0, "remaining_time": 0, "track_confidence": 80}]
2026-05-04 00:12:23.000	4D8710D5CABB	monitor	track	[{"pose": 4, "area_id": 255, "track_id": 0, "bed_status": 0, "position_x": -50, "position_y": 0, "position_z": 0, "remaining_time": 0, "track_confidence": 80}]
2026-05-04 00:12:24.000	4D8710D5CABB	monitor	track	[{"pose": 4, "area_id": 255, "track_id": 0, "bed_status": 0, "position_x": -50, "position_y": 0, "position_z": 0, "remaining_time": 0, "track_confidence": 80}]
2026-05-04 00:12:25.000	4D8710D5CABB	monitor	track	[{"pose": 4, "area_id": 255, "track_id": 0, "bed_status": 0, "position_x": -50, "position_y": 0, "position_z": 0, "remaining_time": 0, "track_confidence": 80}]
2026-05-04 00:12:26.000	4D8710D5CABB	monitor	track	[{"pose": 4, "area_id": 255, "track_id": 0, "bed_status": 0, "position_x": -50, "position_y": 0, "position_z": 0, "remaining_time": 0, "track_confidence": 80}]
2026-05-04 00:12:27.000	4D8710D5CABB	monitor	track	[{"pose": 4, "area_id": 255, "track_id": 0, "bed_status": 0, "position_x": -50, "position_y": 0, "position_z": 0, "remaining_time": 0, "track_confidence": 80}]
2026-05-04 00:12:28.000	4D8710D5CABB	monitor	track	[{"pose": 4, "area_id": 255, "track_id": 0, "bed_status": 0, "position_x": -50, "position_y": 0, "position_z": 0, "remaining_time": 0, "track_confidence": 80}]
2026-05-04 00:12:29.000	4D8710D5CABB	monitor	track	[{"pose": 4, "area_id": 255, "track_id": 0, "bed_status": 0, "position_x": -50, "position_y": 0, "position_z": 0, "remaining_time": 0, "track_confidence": 80}]
2026-05-04 00:12:30.000	4D8710D5CABB	monitor	track	[{"pose": 4, "area_id": 255, "track_id": 0, "bed_status": 0, "position_x": -50, "position_y": 0, "position_z": 0, "remaining_time": 0, "track_confidence": 80}]
2026-05-04 00:12:31.000	4D8710D5CABB	monitor	track	[{"pose": 4, "area_id": 255, "track_id": 0, "bed_status": 0, "position_x": -50, "position_y": 0, "position_z": 0, "remaining_time": 0, "track_confidence": 80}]
2026-05-04 00:12:32.000	4D8710D5CABB	monitor	track	[{"pose": 4, "area_id": 255, "track_id": 0, "bed_status": 0, "position_x": -50, "position_y": 0, "position_z": 0, "remaining_time": 0, "track_confidence": 80}]
2026-05-04 00:12:33.000	4D8710D5CABB	monitor	track	[{"pose": 4, "area_id": 255, "track_id": 0, "bed_status": 0, "position_x": -50, "position_y": 0, "position_z": 0, "remaining_time": 0, "track_confidence": 80}]
2026-05-04 00:12:34.000	4D8710D5CABB	monitor	track	[{"pose": 4, "area_id": 255, "track_id": 0, "bed_status": 0, "position_x": -50, "position_y": 0, "position_z": 0, "remaining_time": 0, "track_confidence": 80}]
2026-05-04 00:12:35.000	4D8710D5CABB	monitor	track	[{"pose": 4, "area_id": 255, "track_id": 0, "bed_status": 0, "position_x": -50, "position_y": 0, "position_z": 0, "remaining_time": 0, "track_confidence": 80}]
2026-05-04 00:12:36.000	4D8710D5CABB	monitor	track	[{"pose": 4, "area_id": 255, "track_id": 0, "bed_status": 0, "position_x": -50, "position_y": 0, "position_z": 0, "remaining_time": 0, "track_confidence": 80}]
2026-05-04 00:12:37.000	4D8710D5CABB	monitor	track	[{"pose": 4, "area_id": 255, "track_id": 0, "bed_status": 0, "position_x": -50, "position_y": 0, "position_z": 0, "remaining_time": 0, "track_confidence": 80}]
2026-05-04 00:12:38.000	4D8710D5CABB	monitor	track	[{"pose": 4, "area_id": 255, "track_id": 0, "bed_status": 0, "position_x": -50, "position_y": 0, "position_z": 0, "remaining_time": 0, "track_confidence": 80}]
2026-05-04 00:12:39.000	4D8710D5CABB	monitor	track	[{"pose": 4, "area_id": 255, "track_id": 0, "bed_status": 0, "position_x": -50, "position_y": 0, "position_z": 0, "remaining_time": 0, "track_confidence": 80}]
2026-05-04 00:12:40.000	4D8710D5CABB	monitor	track	[{"pose": 4, "area_id": 255, "track_id": 0, "bed_status": 0, "position_x": -50, "position_y": 0, "position_z": 0, "remaining_time": 0, "track_confidence": 80}]
2026-05-04 00:12:41.000	4D8710D5CABB	monitor	track	[{"pose": 4, "area_id": 255, "track_id": 0, "bed_status": 0, "position_x": -50, "position_y": 0, "position_z": 0, "remaining_time": 0, "track_confidence": 80}]
2026-05-04 00:12:42.000	4D8710D5CABB	monitor	track	[{"pose": 4, "area_id": 255, "track_id": 0, "bed_status": 0, "position_x": -50, "position_y": 0, "position_z": 0, "remaining_time": 0, "track_confidence": 80}]
2026-05-04 00:12:43.000	4D8710D5CABB	monitor	track	[{"pose": 4, "area_id": 255, "track_id": 0, "bed_status": 0, "position_x": -50, "position_y": 0, "position_z": 0, "remaining_time": 0, "track_confidence": 80}]
2026-05-04 00:12:44.000	4D8710D5CABB	monitor	track	[{"pose": 4, "area_id": 255, "track_id": 0, "bed_status": 0, "position_x": -50, "position_y": 0, "position_z": 0, "remaining_time": 0, "track_confidence": 80}]
2026-05-04 00:12:45.000	4D8710D5CABB	monitor	track	[{"pose": 4, "area_id": 255, "track_id": 0, "bed_status": 0, "position_x": -50, "position_y": 0, "position_z": 0, "remaining_time": 0, "track_confidence": 80}]
2026-05-04 00:12:46.000	4D8710D5CABB	monitor	track	[{"pose": 4, "area_id": 255, "track_id": 0, "bed_status": 0, "position_x": -50, "position_y": 0, "position_z": 0, "remaining_time": 0, "track_confidence": 80}]
2026-05-04 00:12:47.000	4D8710D5CABB	monitor	track	[{"pose": 4, "area_id": 255, "track_id": 0, "bed_status": 0, "position_x": -50, "position_y": 0, "position_z": 0, "remaining_time": 0, "track_confidence": 80}]
2026-05-04 00:12:48.000	4D8710D5CABB	monitor	track	[{"pose": 4, "area_id": 255, "track_id": 0, "bed_status": 0, "position_x": -50, "position_y": 0, "position_z": 0, "remaining_time": 0, "track_confidence": 80}]
2026-05-04 00:12:49.000	4D8710D5CABB	monitor	track	[{"pose": 4, "area_id": 255, "track_id": 0, "bed_status": 0, "position_x": -50, "position_y": 0, "position_z": 0, "remaining_time": 0, "track_confidence": 80}]
2026-05-04 00:12:50.000	4D8710D5CABB	monitor	track	[{"pose": 4, "area_id": 255, "track_id": 0, "bed_status": 0, "position_x": -50, "position_y": 0, "position_z": 0, "remaining_time": 0, "track_confidence": 80}]
2026-05-04 00:12:51.000	4D8710D5CABB	monitor	track	[{"pose": 4, "area_id": 255, "track_id": 0, "bed_status": 0, "position_x": -50, "position_y": 0, "position_z": 0, "remaining_time": 0, "track_confidence": 80}]
2026-05-04 00:12:52.000	4D8710D5CABB	monitor	track	[{"pose": 4, "area_id": 255, "track_id": 0, "bed_status": 0, "position_x": -50, "position_y": 0, "position_z": 0, "remaining_time": 0, "track_confidence": 80}]
2026-05-04 00:12:53.000	4D8710D5CABB	monitor	track	[{"pose": 4, "area_id": 255, "track_id": 0, "bed_status": 0, "position_x": -50, "position_y": 0, "position_z": 0, "remaining_time": 0, "track_confidence": 80}]
2026-05-04 00:12:54.000	4D8710D5CABB	monitor	track	[{"pose": 4, "area_id": 255, "track_id": 0, "bed_status": 0, "position_x": -50, "position_y": 0, "position_z": 0, "remaining_time": 0, "track_confidence": 80}]
2026-05-04 00:12:55.000	4D8710D5CABB	event	activity	[{"track_id": 9, "event_since": 1777875175257, "track_count": 1, "event_status": "instant", "lie_duration": 0, "walk_distance": 0, "walk_duration": 0, "stand_duration": 60, "multi_person_duration": 0}]
2026-05-04 00:12:55.000	4D8710D5CABB	monitor	heart	[{"track_id": 11, "track_confidence": 80}]
2026-05-04 00:12:55.000	4D8710D5CABB	monitor	track	[{"pose": 4, "area_id": 255, "track_id": 0, "bed_status": 0, "position_x": -50, "position_y": 0, "position_z": 0, "remaining_time": 0, "track_confidence": 80}]
2026-05-04 00:12:56.000	4D8710D5CABB	monitor	track	[{"pose": 4, "area_id": 255, "track_id": 0, "bed_status": 0, "position_x": -50, "position_y": 0, "position_z": 0, "remaining_time": 0, "track_confidence": 80}]
2026-05-04 00:12:57.000	4D8710D5CABB	monitor	track	[{"pose": 4, "area_id": 255, "track_id": 0, "bed_status": 0, "position_x": -50, "position_y": 0, "position_z": 0, "remaining_time": 0, "track_confidence": 80}]
2026-05-04 00:12:58.000	4D8710D5CABB	monitor	track	[{"pose": 4, "area_id": 255, "track_id": 0, "bed_status": 0, "position_x": -50, "position_y": 0, "position_z": 0, "remaining_time": 0, "track_confidence": 80}]
2026-05-04 00:12:59.000	4D8710D5CABB	event	number_people	[{"track_id": 10, "event_since": 1777875179278, "event_status": "start", "number_people": 0}]
2026-05-04 00:12:59.000	4D8710D5CABB	monitor	track	[{"area_id": 0, "track_id": 88, "bed_status": 0, "position_x": 0, "position_y": 0, "position_z": 0, "remaining_time": 0, "track_confidence": 80}]
2026-05-04 00:13:00.000	4D8710D5CABB	monitor	track	[{"area_id": 0, "track_id": 88, "bed_status": 0, "position_x": 0, "position_y": 0, "position_z": 0, "remaining_time": 0, "track_confidence": 80}]
2026-05-04 00:13:01.000	4D8710D5CABB	monitor	track	[{"area_id": 0, "track_id": 88, "bed_status": 0, "position_x": 0, "position_y": 0, "position_z": 0, "remaining_time": 0, "track_confidence": 80}]
2026-05-04 00:13:09.000	4D8710D5CABB	monitor	track	[{"area_id": 0, "track_id": 88, "bed_status": 0, "position_x": 0, "position_y": 0, "position_z": 0, "remaining_time": 0, "track_confidence": 80}]
2026-05-04 00:13:40.000	4D8710D5CABB	monitor	track	[{"area_id": 0, "track_id": 88, "bed_status": 0, "position_x": 0, "position_y": 0, "position_z": 0, "remaining_time": 0, "track_confidence": 80}]
2026-05-04 00:14:12.000	4D8710D5CABB	event	activity	[{"track_id": 9, "event_since": 1777875252614, "track_count": 0, "event_status": "instant", "lie_duration": 0, "walk_distance": 0, "walk_duration": 0, "stand_duration": 5, "multi_person_duration": 0}]
2026-05-04 00:14:12.000	4D8710D5CABB	monitor	heart	[{"track_id": 11, "track_confidence": 80}]
2026-05-04 00:14:12.000	4D8710D5CABB	monitor	track	[{"area_id": 0, "track_id": 88, "bed_status": 0, "position_x": 0, "position_y": 0, "position_z": 0, "remaining_time": 0, "track_confidence": 80}]
2026-05-04 00:14:44.000	4D8710D5CABB	monitor	track	[{"area_id": 0, "track_id": 88, "bed_status": 0, "position_x": 0, "position_y": 0, "position_z": 0, "remaining_time": 0, "track_confidence": 80}]
2026-05-04 00:15:16.000	4D8710D5CABB	monitor	heart	[{"track_id": 11, "track_confidence": 80}]
2026-05-04 00:15:16.000	4D8710D5CABB	event	activity	[{"track_id": 9, "event_since": 1777875316155, "track_count": 0, "event_status": "instant", "lie_duration": 0, "walk_distance": 0, "walk_duration": 0, "stand_duration": 0, "multi_person_duration": 0}]
2026-05-04 00:15:16.000	4D8710D5CABB	monitor	track	[{"area_id": 0, "track_id": 88, "bed_status": 0, "position_x": 0, "position_y": 0, "position_z": 0, "remaining_time": 0, "track_confidence": 80}]
2026-05-04 00:15:47.000	4D8710D5CABB	monitor	track	[{"area_id": 0, "track_id": 88, "bed_status": 0, "position_x": 0, "position_y": 0, "position_z": 0, "remaining_time": 0, "track_confidence": 80}]
2026-05-04 00:16:19.000	4D8710D5CABB	monitor	heart	[{"track_id": 11, "track_confidence": 80}]
2026-05-04 00:16:19.000	4D8710D5CABB	event	activity	[{"track_id": 9, "event_since": 1777875379648, "track_count": 0, "event_status": "instant", "lie_duration": 0, "walk_distance": 0, "walk_duration": 0, "stand_duration": 0, "multi_person_duration": 0}]
2026-05-04 00:16:19.000	4D8710D5CABB	monitor	track	[{"area_id": 0, "track_id": 88, "bed_status": 0, "position_x": 0, "position_y": 0, "position_z": 0, "remaining_time": 0, "track_confidence": 80}]
(576 rows)
